,date,growth
0,2012-10-30,18
1,2012-10-31,9
2,2012-11-01,28
3,2012-11-02,14
4,2012-11-03,19
5,2012-11-04,13
6,2012-11-05,25
7,2012-11-06,13
8,2012-11-07,21
9,2012-11-08,33
10,2012-11-09,44
11,2012-11-10,12
12,2012-11-11,23
13,2012-11-12,112
14,2012-11-13,41
15,2012-11-14,28
16,2012-11-15,28
17,2012-11-16,26
18,2012-11-17,18
19,2012-11-18,12
20,2012-11-19,21
21,2012-11-20,30
22,2012-11-21,9
23,2012-11-22,19
24,2012-11-23,24
25,2012-11-24,23
26,2012-11-25,14
27,2012-11-26,27
28,2012-11-27,28
29,2012-11-28,52
30,2012-11-29,27
31,2012-11-30,29
32,2012-12-01,24
33,2012-12-02,40
34,2012-12-03,34
35,2012-12-04,33
36,2012-12-05,35
37,2012-12-06,39
38,2012-12-07,42
39,2012-12-08,23
40,2012-12-09,42
41,2012-12-10,35
42,2012-12-11,128
43,2012-12-12,55
44,2012-12-13,29
45,2012-12-14,33
46,2012-12-15,35
47,2012-12-16,70
48,2012-12-17,42
49,2012-12-18,18
50,2012-12-19,16
51,2012-12-20,19
52,2012-12-21,30
53,2012-12-22,27
54,2012-12-23,36
55,2012-12-24,46
56,2012-12-25,22
57,2012-12-26,6
58,2012-12-27,20
59,2012-12-28,14
60,2012-12-29,19
61,2012-12-30,23
62,2012-12-31,23
63,2013-01-01,13
64,2013-01-02,54
65,2013-01-03,41
66,2013-01-04,20
67,2013-01-05,32
68,2013-01-06,35
69,2013-01-07,38
70,2013-01-08,34
71,2013-01-09,44
72,2013-01-10,26
73,2013-01-11,35
74,2013-01-12,28
75,2013-01-13,27
76,2013-01-14,41
77,2013-01-15,29
78,2013-01-16,35
79,2013-01-17,36
80,2013-01-18,25
81,2013-01-19,31
82,2013-01-20,35
83,2013-01-21,38
84,2013-01-22,82
85,2013-01-23,59
86,2013-01-24,67
87,2013-01-25,29
88,2013-01-26,48
89,2013-01-27,31
90,2013-01-28,69
91,2013-01-29,70
92,2013-01-30,64
93,2013-01-31,56
94,2013-02-01,59
95,2013-02-02,55
96,2013-02-03,60
97,2013-02-04,40
98,2013-02-05,52
99,2013-02-06,56
100,2013-02-07,44
101,2013-02-08,47
102,2013-02-09,47
103,2013-02-10,80
104,2013-02-11,72
105,2013-02-12,79
106,2013-02-13,109
107,2013-02-14,284
108,2013-02-15,193
109,2013-02-16,83
110,2013-02-17,80
111,2013-02-18,70
112,2013-02-19,118
113,2013-02-20,87
114,2013-02-21,82
115,2013-02-22,115
116,2013-02-23,66
117,2013-02-24,96
118,2013-02-25,59
119,2013-02-26,79
120,2013-02-27,71
121,2013-02-28,100
122,2013-03-01,70
123,2013-03-02,65
124,2013-03-03,107
125,2013-03-04,109
126,2013-03-05,151
127,2013-03-06,202
128,2013-03-07,250
129,2013-03-08,131
130,2013-03-09,90
131,2013-03-09,148
132,2013-03-10,72
133,2013-03-11,72
134,2013-03-12,189
135,2013-03-13,202
136,2013-03-14,137
137,2013-03-15,99
138,2013-03-16,94
139,2013-03-17,132
140,2013-03-18,146
141,2013-03-19,480
142,2013-03-20,218
143,2013-03-21,320
144,2013-03-22,240
145,2013-03-23,208
146,2013-03-24,245
147,2013-03-25,280
148,2013-03-26,363
149,2013-03-27,274
150,2013-03-28,490
151,2013-03-29,363
152,2013-03-30,343
153,2013-03-31,359
154,2013-04-01,359
155,2013-04-02,498
156,2013-04-03,1059
157,2013-04-04,562
158,2013-04-05,487
159,2013-04-06,249
160,2013-04-07,363
161,2013-04-08,595
162,2013-04-09,1384
163,2013-04-10,2781
164,2013-04-11,1930
165,2013-04-12,874
166,2013-04-13,465
167,2013-04-14,426
168,2013-04-15,311
169,2013-04-16,361
170,2013-04-17,330
171,2013-04-18,280
172,2013-04-19,164
173,2013-04-20,200
174,2013-04-21,204
175,2013-04-22,223
176,2013-04-23,227
177,2013-04-24,266
178,2013-04-25,203
179,2013-04-26,179
180,2013-04-27,169
181,2013-04-28,179
182,2013-04-29,160
183,2013-04-30,125
184,2013-05-01,204
185,2013-05-02,169
186,2013-05-03,134
187,2013-05-04,116
188,2013-05-05,126
189,2013-05-06,133
190,2013-05-07,180
191,2013-05-08,118
192,2013-05-09,116
193,2013-05-10,135
194,2013-05-11,106
195,2013-05-12,121
196,2013-05-13,97
197,2013-05-14,143
198,2013-05-15,181
199,2013-05-16,99
200,2013-05-17,118
201,2013-05-18,104
202,2013-05-19,86
203,2013-05-20,101
204,2013-05-21,106
205,2013-05-22,101
206,2013-05-23,95
207,2013-05-24,70
208,2013-05-25,69
209,2013-05-26,64
210,2013-05-27,74
211,2013-05-28,125
212,2013-05-29,116
213,2013-05-30,106
214,2013-05-31,93
215,2013-06-01,88
216,2013-06-02,119
217,2013-06-03,55
218,2013-06-04,91
219,2013-06-05,88
220,2013-06-06,97
221,2013-06-07,84
222,2013-06-08,139
223,2013-06-09,85
224,2013-06-10,70
225,2013-06-11,89
226,2013-06-12,103
227,2013-06-13,70
228,2013-06-14,68
229,2013-06-15,55
230,2013-06-16,56
231,2013-06-17,40
232,2013-06-18,61
233,2013-06-19,60
234,2013-06-20,37
235,2013-06-21,43
236,2013-06-22,66
237,2013-06-23,67
238,2013-06-24,34
239,2013-06-25,67
240,2013-06-26,45
241,2013-06-27,58
242,2013-06-28,79
243,2013-06-29,48
244,2013-06-30,85
245,2013-07-01,88
246,2013-07-02,99
247,2013-07-03,116
248,2013-07-04,117
249,2013-07-05,78
250,2013-07-06,70
251,2013-07-07,38
252,2013-07-08,68
253,2013-07-09,88
254,2013-07-10,40
255,2013-07-11,59
256,2013-07-12,48
257,2013-07-13,46
258,2013-07-14,52
259,2013-07-15,45
260,2013-07-16,67
261,2013-07-17,47
262,2013-07-18,49
263,2013-07-19,58
264,2013-07-20,46
265,2013-07-21,68
266,2013-07-22,38
267,2013-07-23,68
268,2013-07-24,59
269,2013-07-25,57
270,2013-07-26,80
271,2013-07-27,31
272,2013-07-28,59
273,2013-07-29,71
274,2013-07-30,65
275,2013-07-31,70
276,2013-08-01,61
277,2013-08-02,37
278,2013-08-03,50
279,2013-08-04,91
280,2013-08-05,70
281,2013-08-06,51
282,2013-08-07,42
283,2013-08-08,86
284,2013-08-09,38
285,2013-08-10,28
286,2013-08-11,68
287,2013-08-12,67
288,2013-08-13,82
289,2013-08-14,150
290,2013-08-15,70
291,2013-08-16,80
292,2013-08-17,54
293,2013-08-18,71
294,2013-08-19,85
295,2013-08-20,83
296,2013-08-21,59
297,2013-08-22,415
298,2013-08-23,120
299,2013-08-24,74
300,2013-08-25,64
301,2013-08-26,58
302,2013-08-27,80
303,2013-08-28,81
304,2013-08-29,73
305,2013-08-30,60
306,2013-08-31,76
307,2013-09-01,45
308,2013-09-02,88
309,2013-09-03,53
310,2013-09-04,43
311,2013-09-05,80
312,2013-09-06,44
313,2013-09-07,51
314,2013-09-08,74
315,2013-09-09,103
316,2013-09-10,124
317,2013-09-11,77
318,2013-09-12,41
319,2013-09-13,31
320,2013-09-14,41
321,2013-09-15,53
322,2013-09-16,48
323,2013-09-17,47
324,2013-09-18,49
325,2013-09-19,46
326,2013-09-20,67
327,2013-09-21,68
328,2013-09-22,55
329,2013-09-23,37
330,2013-09-24,73
331,2013-09-25,35
332,2013-09-26,77
333,2013-09-27,39
334,2013-09-28,62
335,2013-09-29,39
336,2013-09-30,44
337,2013-10-01,56
338,2013-10-02,259
339,2013-10-03,265
340,2013-10-04,207
341,2013-10-05,136
342,2013-10-06,122
343,2013-10-07,134
344,2013-10-08,102
345,2013-10-09,73
346,2013-10-10,81
347,2013-10-11,71
348,2013-10-12,59
349,2013-10-13,88
350,2013-10-14,90
351,2013-10-15,97
352,2013-10-16,108
353,2013-10-17,97
354,2013-10-18,99
355,2013-10-19,134
356,2013-10-20,83
357,2013-10-21,114
358,2013-10-22,134
359,2013-10-23,146
360,2013-10-24,111
361,2013-10-25,125
362,2013-10-26,110
363,2013-10-27,97
364,2013-10-28,101
365,2013-10-29,901
366,2013-10-30,403
367,2013-10-31,234
368,2013-11-01,200
369,2013-11-02,163
370,2013-11-03,211
371,2013-11-04,213
372,2013-11-05,245
373,2013-11-06,617
374,2013-11-07,736
375,2013-11-08,687
376,2013-11-09,498
377,2013-11-10,503
378,2013-11-11,554
379,2013-11-12,510
380,2013-11-13,875
381,2013-11-14,500
382,2013-11-15,320
383,2013-11-16,419
384,2013-11-17,651
385,2013-11-18,1296
386,2013-11-19,1176
387,2013-11-20,726
388,2013-11-21,629
389,2013-11-22,974
390,2013-11-23,609
391,2013-11-24,562
392,2013-11-25,849
393,2013-11-26,730
394,2013-11-27,1105
395,2013-11-28,1008
396,2013-11-29,601
397,2013-11-30,541
398,2013-12-01,900
399,2013-12-02,745
400,2013-12-03,543
401,2013-12-04,668
402,2013-12-05,922
403,2013-12-06,793
404,2013-12-07,798
405,2013-12-08,639
406,2013-12-09,754
407,2013-12-10,636
408,2013-12-11,553
409,2013-12-12,504
410,2013-12-13,323
411,2013-12-14,338
412,2013-12-15,606
413,2013-12-16,561
414,2013-12-17,438
415,2013-12-18,1813
416,2013-12-19,601
417,2013-12-20,304
418,2013-12-21,405
419,2013-12-22,294
420,2013-12-23,319
421,2013-12-24,249
422,2013-12-25,247
423,2013-12-26,339
424,2013-12-27,273
425,2013-12-28,300
426,2013-12-29,287
427,2013-12-30,195
428,2013-12-31,115
429,2014-01-01,221
430,2014-01-02,291
431,2014-01-03,295
432,2014-01-04,273
433,2014-01-05,335
434,2014-01-06,321
435,2014-01-07,347
436,2014-01-08,304
437,2014-01-09,372
438,2014-01-10,327
439,2014-01-11,324
440,2014-01-12,326
441,2014-01-13,244
442,2014-01-14,320
443,2014-01-15,316
444,2014-01-16,333
445,2014-01-17,231
446,2014-01-18,177
447,2014-01-19,253
448,2014-01-20,403
449,2014-01-21,326
450,2014-01-22,392
451,2014-01-23,358
452,2014-01-24,303
453,2014-01-25,275
454,2014-01-26,259
455,2014-01-27,401
456,2014-01-28,404
457,2014-01-29,481
458,2014-01-30,464
459,2014-01-31,303
460,2014-02-01,240
461,2014-02-02,198
462,2014-02-03,267
463,2014-02-04,246
464,2014-02-05,258
465,2014-02-06,368
466,2014-02-07,380
467,2014-02-08,245
468,2014-02-09,280
469,2014-02-10,454
470,2014-02-11,396
471,2014-02-12,264
472,2014-02-13,464
473,2014-02-14,424
474,2014-02-15,245
475,2014-02-16,282
476,2014-02-17,201
477,2014-02-18,207
478,2014-02-19,235
479,2014-02-20,281
480,2014-02-21,208
481,2014-02-22,206
482,2014-02-23,232
483,2014-02-24,416
484,2014-02-25,900
485,2014-02-26,679
486,2014-02-27,437
487,2014-02-28,487
488,2014-03-01,238
489,2014-03-02,298
490,2014-03-03,268
491,2014-03-04,261
492,2014-03-05,236
493,2014-03-06,389
494,2014-03-07,355
495,2014-03-08,202
496,2014-03-08,246
497,2014-03-09,195
498,2014-03-10,195
499,2014-03-11,213
500,2014-03-12,173
501,2014-03-13,176
502,2014-03-14,91
503,2014-03-15,70
504,2014-03-16,150
505,2014-03-17,131
506,2014-03-18,148
507,2014-03-19,112
508,2014-03-20,124
509,2014-03-21,128
510,2014-03-22,131
511,2014-03-23,136
512,2014-03-24,134
513,2014-03-25,131
514,2014-03-26,152
515,2014-03-27,181
516,2014-03-28,105
517,2014-03-29,121
518,2014-03-30,153
519,2014-03-31,127
520,2014-04-01,131
521,2014-04-02,104
522,2014-04-03,92
523,2014-04-04,63
524,2014-04-05,96
525,2014-04-06,57
526,2014-04-07,97
527,2014-04-08,80
528,2014-04-09,72
529,2014-04-10,161
530,2014-04-11,85
531,2014-04-12,73
532,2014-04-13,89
533,2014-04-14,58
534,2014-04-15,99
535,2014-04-16,108
536,2014-04-17,72
537,2014-04-18,106
538,2014-04-19,52
539,2014-04-20,48
540,2014-04-21,75
541,2014-04-22,103
542,2014-04-23,115
543,2014-04-24,87
544,2014-04-25,138
545,2014-04-26,74
546,2014-04-27,102
547,2014-04-28,111
548,2014-04-29,120
549,2014-04-30,144
550,2014-05-01,101
551,2014-05-02,74
552,2014-05-03,86
553,2014-05-04,89
554,2014-05-05,82
555,2014-05-06,90
556,2014-05-07,91
557,2014-05-08,120
558,2014-05-09,82
559,2014-05-10,128
560,2014-05-11,20
561,2014-05-12,65
562,2014-05-13,106
563,2014-05-14,79
564,2014-05-15,89
565,2014-05-16,112
566,2014-05-17,96
567,2014-05-18,90
568,2014-05-19,52
569,2014-05-20,109
570,2014-05-21,89
571,2014-05-22,98
572,2014-05-23,97
573,2014-05-24,54
574,2014-05-25,97
575,2014-05-26,58
576,2014-05-27,94
577,2014-05-28,91
578,2014-05-29,95
579,2014-05-30,73
580,2014-05-31,64
581,2014-06-01,101
582,2014-06-02,72
583,2014-06-03,117
584,2014-06-04,110
585,2014-06-05,83
586,2014-06-06,51
587,2014-06-07,67
588,2014-06-08,76
589,2014-06-09,60
590,2014-06-10,67
591,2014-06-11,91
592,2014-06-12,122
593,2014-06-13,60
594,2014-06-14,41
595,2014-06-15,69
596,2014-06-16,86
597,2014-06-17,81
598,2014-06-18,94
599,2014-06-19,51
600,2014-06-20,67
601,2014-06-21,59
602,2014-06-22,59
603,2014-06-23,61
604,2014-06-24,73
605,2014-06-25,25
606,2014-06-26,88
607,2014-06-27,59
608,2014-06-28,62
609,2014-06-29,65
610,2014-06-30,84
611,2014-07-01,151
612,2014-07-02,120
613,2014-07-03,49
614,2014-07-04,91
615,2014-07-05,49
616,2014-07-06,91
617,2014-07-07,572
618,2014-07-08,2492
619,2014-07-09,1279
620,2014-07-10,102
621,2014-07-11,106
622,2014-07-12,80
623,2014-07-13,94
624,2014-07-14,92
625,2014-07-15,83
626,2014-07-16,113
627,2014-07-17,84
628,2014-07-18,85
629,2014-07-19,91
630,2014-07-20,107
631,2014-07-21,86
632,2014-07-22,89
633,2014-07-23,59
634,2014-07-24,105
635,2014-07-25,59
636,2014-07-26,70
637,2014-07-27,61
638,2014-07-28,76
639,2014-07-29,103
640,2014-07-30,128
641,2014-07-31,100
642,2014-08-01,91
643,2014-08-02,73
644,2014-08-03,81
645,2014-08-04,47
646,2014-08-05,133
647,2014-08-06,91
648,2014-08-07,118
649,2014-08-08,64
650,2014-08-09,86
651,2014-08-10,59
652,2014-08-11,80
653,2014-08-12,94
654,2014-08-13,131
655,2014-08-14,112
656,2014-08-15,130
657,2014-08-16,66
658,2014-08-17,99
659,2014-08-18,114
660,2014-08-19,94
661,2014-08-20,107
662,2014-08-21,84
663,2014-08-22,78
664,2014-08-23,80
665,2014-08-24,95
666,2014-08-25,97
667,2014-08-26,85
668,2014-08-27,89
669,2014-08-28,85
670,2014-08-29,122
671,2014-08-30,50
672,2014-08-31,81
673,2014-09-01,135
674,2014-09-02,130
675,2014-09-03,94
676,2014-09-04,105
677,2014-09-05,85
678,2014-09-06,90
679,2014-09-07,64
680,2014-09-08,102
681,2014-09-09,147
682,2014-09-10,116
683,2014-09-11,106
684,2014-09-12,97
685,2014-09-13,212
686,2014-09-14,113
687,2014-09-15,68
688,2014-09-16,95
689,2014-09-17,89
690,2014-09-18,82
691,2014-09-19,122
692,2014-09-20,52
693,2014-09-21,85
694,2014-09-22,98
695,2014-09-23,145
696,2014-09-24,114
697,2014-09-25,85
698,2014-09-26,82
699,2014-09-27,96
700,2014-09-28,124
701,2014-09-29,122
702,2014-09-30,143
703,2014-10-01,145
704,2014-10-02,130
705,2014-10-03,81
706,2014-10-04,95
707,2014-10-05,157
708,2014-10-06,160
709,2014-10-07,130
710,2014-10-08,156
711,2014-10-09,122
712,2014-10-10,69
713,2014-10-11,102
714,2014-10-12,96
715,2014-10-13,110
716,2014-10-14,121
717,2014-10-15,138
718,2014-10-16,134
719,2014-10-17,110
720,2014-10-18,67
721,2014-10-19,94
722,2014-10-20,93
723,2014-10-21,104
724,2014-10-22,87
725,2014-10-23,86
726,2014-10-24,76
727,2014-10-25,70
728,2014-10-26,87
729,2014-10-27,53
730,2014-10-28,88
731,2014-10-29,93
732,2014-10-30,54
733,2014-10-31,72
734,2014-11-01,86
735,2014-11-02,181
736,2014-11-03,131
737,2014-11-04,78
738,2014-11-05,381
739,2014-11-06,279
740,2014-11-07,155
741,2014-11-08,98
742,2014-11-09,129
743,2014-11-10,146
744,2014-11-11,119
745,2014-11-12,158
746,2014-11-13,165
747,2014-11-14,104
748,2014-11-15,79
749,2014-11-16,83
750,2014-11-17,117
751,2014-11-18,109
752,2014-11-19,88
753,2014-11-20,84
754,2014-11-21,63
755,2014-11-22,88
756,2014-11-23,79
757,2014-11-24,64
758,2014-11-25,103
759,2014-11-26,96
760,2014-11-27,94
761,2014-11-28,59
762,2014-11-29,55
763,2014-11-30,109
764,2014-12-01,91
765,2014-12-02,138
766,2014-12-03,92
767,2014-12-04,109
768,2014-12-05,67
769,2014-12-06,49
770,2014-12-07,60
771,2014-12-08,110
772,2014-12-09,104
773,2014-12-10,112
774,2014-12-11,274
775,2014-12-12,133
776,2014-12-13,103
777,2014-12-14,126
778,2014-12-15,125
779,2014-12-16,156
780,2014-12-17,120
781,2014-12-18,98
782,2014-12-19,67
783,2014-12-20,54
784,2014-12-21,66
785,2014-12-22,108
786,2014-12-23,109
787,2014-12-24,103
788,2014-12-25,64
789,2014-12-26,101
790,2014-12-27,87
791,2014-12-28,108
792,2014-12-29,116
793,2014-12-30,80
794,2014-12-31,67
795,2015-01-01,98
796,2015-01-02,112
797,2015-01-03,147
798,2015-01-04,145
799,2015-01-05,159
800,2015-01-06,126
801,2015-01-07,111
802,2015-01-08,107
803,2015-01-09,95
804,2015-01-10,99
805,2015-01-11,100
806,2015-01-12,109
807,2015-01-13,149
808,2015-01-14,287
809,2015-01-15,217
810,2015-01-16,114
811,2015-01-17,83
812,2015-01-18,131
813,2015-01-19,119
814,2015-01-20,91
815,2015-01-21,100
816,2015-01-22,100
817,2015-01-23,98
818,2015-01-24,149
819,2015-01-25,221
820,2015-01-26,276
821,2015-01-27,145
822,2015-01-28,133
823,2015-01-29,119
824,2015-01-30,87
825,2015-01-31,67
826,2015-02-01,80
827,2015-02-02,97
828,2015-02-03,116
829,2015-02-04,133
830,2015-02-05,101
831,2015-02-06,94
832,2015-02-07,106
833,2015-02-08,55
834,2015-02-09,69
835,2015-02-10,110
836,2015-02-11,125
837,2015-02-12,205
838,2015-02-13,145
839,2015-02-14,150
840,2015-02-15,186
841,2015-02-16,166
842,2015-02-17,181
843,2015-02-18,142
844,2015-02-19,255
845,2015-02-20,210
846,2015-02-21,106
847,2015-02-22,72
848,2015-02-23,120
849,2015-02-24,116
850,2015-02-25,110
851,2015-02-26,117
852,2015-02-27,89
853,2015-02-28,90
854,2015-03-01,94
855,2015-03-02,95
856,2015-03-03,106
857,2015-03-04,134
858,2015-03-05,197
859,2015-03-06,91
860,2015-03-07,101
861,2015-03-07,136
862,2015-03-08,50
863,2015-03-09,51
864,2015-03-10,172
865,2015-03-11,138
866,2015-03-12,219
867,2015-03-13,228
868,2015-03-14,199
869,2015-03-15,219
870,2015-03-16,220
871,2015-03-17,270
872,2015-03-18,221
873,2015-03-19,195
874,2015-03-20,278
875,2015-03-21,233
876,2015-03-22,260
877,2015-03-23,223
878,2015-03-24,261
879,2015-03-25,180
880,2015-03-26,153
881,2015-03-27,120
882,2015-03-28,185
883,2015-03-29,193
884,2015-03-30,224
885,2015-03-31,123
886,2015-04-01,97
887,2015-04-02,265
888,2015-04-03,228
889,2015-04-04,190
890,2015-04-05,152
891,2015-04-06,96
892,2015-04-07,221
893,2015-04-08,170
894,2015-04-09,218
895,2015-04-10,194
896,2015-04-11,219
897,2015-04-12,176
898,2015-04-13,164
899,2015-04-14,204
900,2015-04-15,35
901,2015-04-16,46
902,2015-04-17,148
903,2015-04-18,219
904,2015-04-19,157
905,2015-04-20,248
906,2015-04-21,281
907,2015-04-22,222
908,2015-04-23,132
909,2015-04-24,66
910,2015-04-25,64
911,2015-04-26,67
912,2015-04-27,71
913,2015-04-28,41
914,2015-04-29,76
915,2015-04-30,32
916,2015-05-01,25
917,2015-05-02,41
918,2015-05-03,46
919,2015-05-04,47
920,2015-05-05,44
921,2015-05-06,37
922,2015-05-07,3
923,2015-05-08,21
924,2015-05-09,10
925,2015-05-10,24
926,2015-05-11,26
927,2015-05-12,51
928,2015-05-13,48
929,2015-05-14,50
930,2015-05-15,89
931,2015-05-16,53
932,2015-05-17,43
933,2015-05-18,41
934,2015-05-19,73
935,2015-05-20,66
936,2015-05-21,68
937,2015-05-22,61
938,2015-05-23,42
939,2015-05-24,56
940,2015-05-25,59
941,2015-05-26,68
942,2015-05-27,79
943,2015-05-28,69
944,2015-05-29,86
945,2015-05-30,83
946,2015-05-31,77
947,2015-06-01,46
948,2015-06-02,89
949,2015-06-03,66
950,2015-06-04,68
951,2015-06-05,49
952,2015-06-06,313
953,2015-06-07,35
954,2015-06-08,60
955,2015-06-09,28
956,2015-06-10,33
957,2015-06-11,44
958,2015-06-12,38
959,2015-06-13,38
960,2015-06-14,51
961,2015-06-15,48
962,2015-06-16,40
963,2015-06-17,52
964,2015-06-18,60
965,2015-06-19,34
966,2015-06-20,55
967,2015-06-21,22
968,2015-06-22,22
969,2015-06-23,52
970,2015-06-24,35
971,2015-06-25,88
972,2015-06-26,42
973,2015-06-27,40
974,2015-06-28,62
975,2015-06-29,80
976,2015-06-30,111
977,2015-07-01,71
978,2015-07-02,77
979,2015-07-03,60
980,2015-07-04,78
981,2015-07-05,109
982,2015-07-06,141
983,2015-07-07,124
984,2015-07-08,113
985,2015-07-09,93
986,2015-07-10,144
987,2015-07-11,83
988,2015-07-12,142
989,2015-07-13,115
990,2015-07-14,113
991,2015-07-15,101
992,2015-07-16,110
993,2015-07-17,87
994,2015-07-18,92
995,2015-07-19,59
996,2015-07-20,78
997,2015-07-21,124
998,2015-07-22,110
999,2015-07-23,93
1000,2015-07-24,96
1001,2015-07-25,67
1002,2015-07-26,78
1003,2015-07-27,110
1004,2015-07-28,109
1005,2015-07-29,92
1006,2015-07-30,102
1007,2015-07-31,58
1008,2015-08-01,105
1009,2015-08-02,58
1010,2015-08-03,75
1011,2015-08-04,102
1012,2015-08-05,88
1013,2015-08-06,78
1014,2015-08-07,84
1015,2015-08-08,62
1016,2015-08-09,70
1017,2015-08-10,54
1018,2015-08-11,54
1019,2015-08-12,61
1020,2015-08-13,77
1021,2015-08-14,38
1022,2015-08-15,-14
1023,2015-08-16,-201
1024,2015-08-17,-132
1025,2015-08-18,32
1026,2015-08-19,63
1027,2015-08-20,31
1028,2015-08-21,45
1029,2015-08-22,39
1030,2015-08-23,35
1031,2015-08-24,90
1032,2015-08-25,60
1033,2015-08-26,6
1034,2015-08-27,51
1035,2015-08-28,24
1036,2015-08-29,35
1037,2015-08-30,27
1038,2015-08-31,46
1039,2015-09-01,52
1040,2015-09-02,8
1041,2015-09-03,8
1042,2015-09-04,10
1043,2015-09-05,27
1044,2015-09-06,45
1045,2015-09-07,-198
1046,2015-09-08,-67
1047,2015-09-09,72
1048,2015-09-10,38
1049,2015-09-11,34
1050,2015-09-12,36
1051,2015-09-13,53
1052,2015-09-14,34
1053,2015-09-15,31
1054,2015-09-16,46
1055,2015-09-17,69
1056,2015-09-18,64
1057,2015-09-19,45
1058,2015-09-20,28
1059,2015-09-21,63
1060,2015-09-22,45
1061,2015-09-23,48
1062,2015-09-24,52
1063,2015-09-25,49
1064,2015-09-26,20
1065,2015-09-27,31
1066,2015-09-28,29
1067,2015-09-29,32
1068,2015-09-30,23
1069,2015-10-01,16
1070,2015-10-02,28
1071,2015-10-03,35
1072,2015-10-04,33
1073,2015-10-05,25
1074,2015-10-06,49
1075,2015-10-07,63
1076,2015-10-08,52
1077,2015-10-09,55
1078,2015-10-10,36
1079,2015-10-11,31
1080,2015-10-12,49
1081,2015-10-13,38
1082,2015-10-14,44
1083,2015-10-15,58
1084,2015-10-16,44
1085,2015-10-17,39
1086,2015-10-18,42
1087,2015-10-19,59
1088,2015-10-20,54
1089,2015-10-21,30
1090,2015-10-22,53
1091,2015-10-23,32
1092,2015-10-24,39
1093,2015-10-25,63
1094,2015-10-26,63
1095,2015-10-27,70
1096,2015-10-28,69
1097,2015-10-29,94
1098,2015-10-30,71
1099,2015-10-31,57
1100,2015-11-01,107
1101,2015-11-02,79
1102,2015-11-03,260
1103,2015-11-04,333
1104,2015-11-05,184
1105,2015-11-06,43
1106,2015-11-07,-197
1107,2015-11-08,-53
1108,2015-11-09,63
1109,2015-11-10,43
1110,2015-11-11,63
1111,2015-11-12,67
1112,2015-11-13,52
1113,2015-11-14,40
1114,2015-11-15,53
1115,2015-11-16,43
1116,2015-11-17,57
1117,2015-11-18,60
1118,2015-11-19,28
1119,2015-11-20,66
1120,2015-11-21,63
1121,2015-11-22,55
1122,2015-11-23,60
1123,2015-11-24,46
1124,2015-11-25,28
1125,2015-11-26,47
1126,2015-11-27,54
1127,2015-11-28,31
1128,2015-11-29,46
1129,2015-11-30,27
1130,2015-12-01,72
1131,2015-12-02,60
1132,2015-12-03,61
1133,2015-12-04,47
1134,2015-12-05,59
1135,2015-12-06,55
1136,2015-12-07,26
1137,2015-12-08,233
1138,2015-12-09,179
1139,2015-12-10,129
1140,2015-12-11,45
1141,2015-12-12,79
1142,2015-12-13,54
1143,2015-12-14,68
1144,2015-12-15,-369
1145,2015-12-16,-293
1146,2015-12-17,-337
1147,2015-12-18,-246
1148,2015-12-19,-287
1149,2015-12-20,-253
1150,2015-12-21,-287
1151,2015-12-22,-304
1152,2015-12-23,-218
1153,2015-12-24,-351
1154,2015-12-25,-542
1155,2015-12-26,-352
1156,2015-12-27,-463
1157,2015-12-28,-580
1158,2015-12-29,-450
1159,2015-12-30,-317
1160,2015-12-31,-229
1161,2016-01-01,-213
1162,2016-01-02,-175
1163,2016-01-03,-196
1164,2016-01-04,-150
1165,2016-01-05,-90
1166,2016-01-06,58
1167,2016-01-07,86
1168,2016-01-08,66
1169,2016-01-09,63
1170,2016-01-10,41
1171,2016-01-11,55
1172,2016-01-12,61
1173,2016-01-13,22
1174,2016-01-14,55
1175,2016-01-15,80
1176,2016-01-16,76
1177,2016-01-17,47
1178,2016-01-18,9
1179,2016-01-19,42
1180,2016-01-20,25
1181,2016-01-21,88
1182,2016-01-22,44
1183,2016-01-23,22
1184,2016-01-24,-14
1185,2016-01-25,12
1186,2016-01-26,29
1187,2016-01-27,23
1188,2016-01-28,51
1189,2016-01-29,55
1190,2016-01-30,43
1191,2016-01-31,16
1192,2016-02-01,13
1193,2016-02-02,34
1194,2016-02-03,45
1195,2016-02-04,17
1196,2016-02-05,24
1197,2016-02-06,11
1198,2016-02-07,40
1199,2016-02-08,57
1200,2016-02-09,49
1201,2016-02-10,66
1202,2016-02-11,73
1203,2016-02-12,40
1204,2016-02-13,30
1205,2016-02-14,41
1206,2016-02-15,43
1207,2016-02-16,16
1208,2016-02-17,85
1209,2016-02-18,73
1210,2016-02-19,61
1211,2016-02-20,54
1212,2016-02-21,30
1213,2016-02-22,9
1214,2016-02-23,45
1215,2016-02-24,53
1216,2016-02-25,58
1217,2016-02-26,68
1218,2016-02-27,14
1219,2016-02-28,24
1220,2016-02-29,54
1221,2016-03-01,26
1222,2016-03-02,52
1223,2016-03-03,23
1224,2016-03-04,31
1225,2016-03-05,-12
1226,2016-03-06,29
1227,2016-03-07,-18
1228,2016-03-08,36
1229,2016-03-09,-1
1230,2016-03-10,38
1231,2016-03-11,1
1232,2016-03-12,-3
1233,2016-03-12,17
1234,2016-03-13,18
1235,2016-03-14,18
1236,2016-03-15,25
1237,2016-03-16,14
1238,2016-03-17,42
1239,2016-03-18,37
1240,2016-03-19,3
1241,2016-03-20,13
1242,2016-03-21,127
1243,2016-03-22,22
1244,2016-03-23,34
1245,2016-03-24,8
1246,2016-03-25,13
1247,2016-03-26,19
1248,2016-03-27,30
1249,2016-03-28,47
1250,2016-03-29,41
1251,2016-03-30,23
1252,2016-03-31,36
1253,2016-04-01,104
1254,2016-04-02,7
1255,2016-04-03,28
1256,2016-04-04,52
1257,2016-04-05,42
1258,2016-04-06,28
1259,2016-04-07,79
1260,2016-04-08,35
1261,2016-04-09,34
1262,2016-04-10,87
1263,2016-04-11,46
1264,2016-04-12,48
1265,2016-04-13,42
1266,2016-04-14,53
1267,2016-04-15,33
1268,2016-04-16,31
1269,2016-04-17,42
1270,2016-04-18,36
1271,2016-04-19,42
1272,2016-04-20,66
1273,2016-04-21,46
1274,2016-04-22,31
1275,2016-04-23,56
1276,2016-04-24,54
1277,2016-04-25,72
1278,2016-04-26,80
1279,2016-04-27,64
1280,2016-04-28,49
1281,2016-04-29,58
1282,2016-04-30,38
1283,2016-05-01,52
1284,2016-05-02,519
1285,2016-05-03,187
1286,2016-05-04,220
1287,2016-05-05,153
1288,2016-05-06,97
1289,2016-05-07,69
1290,2016-05-08,100
1291,2016-05-09,71
1292,2016-05-10,41
1293,2016-05-11,77
1294,2016-05-12,38
1295,2016-05-13,50
1296,2016-05-14,59
1297,2016-05-15,34
1298,2016-05-16,53
1299,2016-05-17,33
1300,2016-05-18,47
1301,2016-05-19,102
1302,2016-05-20,51
1303,2016-05-21,47
1304,2016-05-22,58
1305,2016-05-23,53
1306,2016-05-24,56
1307,2016-05-25,37
1308,2016-05-26,23
1309,2016-05-27,70
1310,2016-05-28,64
1311,2016-05-29,91
1312,2016-05-30,94
1313,2016-05-31,105
1314,2016-06-01,90
1315,2016-06-02,65
1316,2016-06-03,83
1317,2016-06-04,87
1318,2016-06-05,71
1319,2016-06-06,53
1320,2016-06-07,74
1321,2016-06-08,70
1322,2016-06-09,79
1323,2016-06-10,66
1324,2016-06-11,81
1325,2016-06-12,222
1326,2016-06-13,201
1327,2016-06-14,154
1328,2016-06-15,137
1329,2016-06-16,208
1330,2016-06-17,152
1331,2016-06-18,184
1332,2016-06-19,120
1333,2016-06-20,154
1334,2016-06-21,166
1335,2016-06-22,149
1336,2016-06-23,114
1337,2016-06-24,139
1338,2016-06-25,113
1339,2016-06-26,86
1340,2016-06-27,87
1341,2016-06-28,92
1342,2016-06-29,82
1343,2016-06-30,102
1344,2016-07-01,102
1345,2016-07-02,102
1346,2016-07-03,102
1347,2016-07-04,102
1348,2016-07-05,102
1349,2016-07-06,103
1350,2016-07-07,30
1351,2016-07-08,68
1352,2016-07-09,91
1353,2016-07-10,104
1354,2016-07-11,86
1355,2016-07-12,60
1356,2016-07-13,78
1357,2016-07-14,77
1358,2016-07-15,55
1359,2016-07-16,69
1360,2016-07-17,66
1361,2016-07-18,61
1362,2016-07-19,69
1363,2016-07-20,63
1364,2016-07-21,48
1365,2016-07-22,32
1366,2016-07-23,51
1367,2016-07-24,41
1368,2016-07-25,77
1369,2016-07-26,74
1370,2016-07-27,58
1371,2016-07-28,78
1372,2016-07-29,63
1373,2016-07-30,51
1374,2016-07-31,93
1375,2016-08-01,83
1376,2016-08-02,304
1377,2016-08-03,512
1378,2016-08-04,158
1379,2016-08-05,170
1380,2016-08-06,121
1381,2016-08-07,108
1382,2016-08-08,68
1383,2016-08-09,98
1384,2016-08-10,96
1385,2016-08-11,48
1386,2016-08-12,57
1387,2016-08-13,73
1388,2016-08-14,67
1389,2016-08-15,75
1390,2016-08-16,70
1391,2016-08-17,71
1392,2016-08-18,35
1393,2016-08-19,55
1394,2016-08-20,50
1395,2016-08-21,54
1396,2016-08-22,56
1397,2016-08-23,62
1398,2016-08-24,66
1399,2016-08-25,74
1400,2016-08-26,76
1401,2016-08-27,75
1402,2016-08-28,59
1403,2016-08-29,68
1404,2016-08-30,71
1405,2016-08-31,154
1406,2016-09-01,39
1407,2016-09-02,59
1408,2016-09-03,38
1409,2016-09-04,75
1410,2016-09-05,68
1411,2016-09-06,78
1412,2016-09-07,73
1413,2016-09-08,157
1414,2016-09-09,125
1415,2016-09-10,73
1416,2016-09-11,92
1417,2016-09-12,144
1418,2016-09-13,73
1419,2016-09-14,103
1420,2016-09-15,77
1421,2016-09-16,71
1422,2016-09-17,86
1423,2016-09-18,100
1424,2016-09-19,67
1425,2016-09-20,100
1426,2016-09-21,92
1427,2016-09-22,76
1428,2016-09-23,66
1429,2016-09-24,63
1430,2016-09-25,69
1431,2016-09-26,76
1432,2016-09-27,78
1433,2016-09-28,72
1434,2016-09-29,72
1435,2016-09-30,89
1436,2016-10-01,58
1437,2016-10-02,76
1438,2016-10-03,93
1439,2016-10-04,70
1440,2016-10-05,69
1441,2016-10-06,63
1442,2016-10-07,88
1443,2016-10-08,68
1444,2016-10-09,58
1445,2016-10-10,78
1446,2016-10-11,121
1447,2016-10-12,94
1448,2016-10-13,56
1449,2016-10-14,66
1450,2016-10-15,58
1451,2016-10-16,77
1452,2016-10-17,70
1453,2016-10-18,70
1454,2016-10-19,70
1455,2016-10-20,70
1456,2016-10-21,70
1457,2016-10-22,70
1458,2016-10-23,70
1459,2016-10-24,70
1460,2016-10-25,87
1461,2016-10-26,87
1462,2016-10-27,87
1463,2016-10-28,87
1464,2016-10-29,87
1465,2016-10-30,87
1466,2016-10-31,87
1467,2016-11-01,87
1468,2016-11-02,87
1469,2016-11-03,87
1470,2016-11-04,87
1471,2016-11-05,87
1472,2016-11-06,87
1473,2016-11-07,94
1474,2016-11-08,91
1475,2016-11-09,91
1476,2016-11-10,92
1477,2016-11-11,53
1478,2016-11-12,57
1479,2016-11-13,118
1480,2016-11-14,59
1481,2016-11-15,59
1482,2016-11-16,107
1483,2016-11-17,75
1484,2016-11-18,111
1485,2016-11-19,91
1486,2016-11-20,91
1487,2016-11-21,121
1488,2016-11-22,121
1489,2016-11-23,62
1490,2016-11-24,62
1491,2016-11-25,66
1492,2016-11-26,66
1493,2016-11-27,67
1494,2016-11-28,78
1495,2016-11-29,78
1496,2016-11-30,120
1497,2016-12-01,81
1498,2016-12-02,81
1499,2016-12-03,81
1500,2016-12-04,84
1501,2016-12-05,78
1502,2016-12-06,132
1503,2016-12-07,132
1504,2016-12-08,132
1505,2016-12-09,132
1506,2016-12-10,132
1507,2016-12-11,132
1508,2016-12-12,132
1509,2016-12-13,132
1510,2016-12-14,132
1511,2016-12-15,132
1512,2016-12-16,132
1513,2016-12-17,132
1514,2016-12-18,132
1515,2016-12-19,132
1516,2016-12-20,132
1517,2016-12-21,132
1518,2016-12-22,132
1519,2016-12-23,132
1520,2016-12-24,132
1521,2016-12-25,132
1522,2016-12-26,132
1523,2016-12-27,132
1524,2016-12-28,132
1525,2016-12-29,132
1526,2016-12-30,150
1527,2016-12-31,113
1528,2017-01-01,274
1529,2017-01-02,663
1530,2017-01-03,261
1531,2017-01-04,398
1532,2017-01-05,523
1533,2017-01-06,535
1534,2017-01-07,283
1535,2017-01-08,232
1536,2017-01-09,183
1537,2017-01-10,189
1538,2017-01-11,308
1539,2017-01-12,269
1540,2017-01-13,133
1541,2017-01-14,157
1542,2017-01-15,163
1543,2017-01-16,197
1544,2017-01-17,190
1545,2017-01-18,144
1546,2017-01-19,108
1547,2017-01-20,111
1548,2017-01-21,104
1549,2017-01-22,138
1550,2017-01-23,125
1551,2017-01-24,173
1552,2017-01-25,105
1553,2017-01-26,103
1554,2017-01-27,91
1555,2017-01-28,83
1556,2017-01-29,142
1557,2017-01-30,107
1558,2017-01-31,166
1559,2017-02-01,186
1560,2017-02-02,189
1561,2017-02-03,114
1562,2017-02-04,131
1563,2017-02-05,138
1564,2017-02-06,152
1565,2017-02-07,139
1566,2017-02-08,210
1567,2017-02-09,212
1568,2017-02-10,118
1569,2017-02-11,132
1570,2017-02-12,111
1571,2017-02-13,126
1572,2017-02-14,136
1573,2017-02-15,149
1574,2017-02-16,112
1575,2017-02-17,103
1576,2017-02-18,110
1577,2017-02-19,116
1578,2017-02-20,142
1579,2017-02-21,214
1580,2017-02-22,156
1581,2017-02-23,203
1582,2017-02-24,167
1583,2017-02-25,144
1584,2017-02-26,69
1585,2017-02-27,116
1586,2017-02-28,161
1587,2017-03-01,151
1588,2017-03-02,213
1589,2017-03-03,151
1590,2017-03-04,150
1591,2017-03-05,134
1592,2017-03-06,201
1593,2017-03-07,294
1594,2017-03-08,264
1595,2017-03-09,176
1596,2017-03-10,323
1597,2017-03-11,168
1598,2017-03-11,136
1599,2017-03-12,62
1600,2017-03-13,63
1601,2017-03-14,122
1602,2017-03-15,68
1603,2017-03-16,147
1604,2017-03-17,110
1605,2017-03-18,221
1606,2017-03-19,138
1607,2017-03-20,103
1608,2017-03-21,154
1609,2017-03-22,126
1610,2017-03-23,154
1611,2017-03-24,191
1612,2017-03-25,137
1613,2017-03-26,48
1614,2017-03-27,81
1615,2017-03-28,69
1616,2017-03-29,102
1617,2017-03-30,103
1618,2017-03-31,68
1619,2017-04-01,100
1620,2017-04-02,119
1621,2017-04-03,138
1622,2017-04-04,159
1623,2017-04-05,158
1624,2017-04-06,74
1625,2017-04-07,42
1626,2017-04-08,82
1627,2017-04-09,63
1628,2017-04-10,84
1629,2017-04-11,91
1630,2017-04-12,70
1631,2017-04-13,14
1632,2017-04-14,99
1633,2017-04-15,39
1634,2017-04-16,76
1635,2017-04-17,142
1636,2017-04-18,96
1637,2017-04-19,131
1638,2017-04-20,129
1639,2017-04-21,91
1640,2017-04-22,115
1641,2017-04-23,91
1642,2017-04-24,81
1643,2017-04-25,121
1644,2017-04-26,194
1645,2017-04-27,187
1646,2017-04-28,130
1647,2017-04-29,109
1648,2017-04-30,163
1649,2017-05-01,266
1650,2017-05-02,345
1651,2017-05-03,253
1652,2017-05-04,449
1653,2017-05-05,321
1654,2017-05-06,507
1655,2017-05-07,438
1656,2017-05-08,409
1657,2017-05-09,550
1658,2017-05-10,441
1659,2017-05-11,478
1660,2017-05-12,408
1661,2017-05-13,328
1662,2017-05-14,298
1663,2017-05-15,344
1664,2017-05-16,348
1665,2017-05-17,348
1666,2017-05-18,391
1667,2017-05-19,375
1668,2017-05-20,389
1669,2017-05-21,573
1670,2017-05-22,1054
1671,2017-05-23,890
1672,2017-05-24,1092
1673,2017-05-25,1684
1674,2017-05-26,875
1675,2017-05-27,918
1676,2017-05-28,691
1677,2017-05-29,595
1678,2017-05-30,551
1679,2017-05-31,570
1680,2017-06-01,571
1681,2017-06-02,490
1682,2017-06-03,448
1683,2017-06-04,462
1684,2017-06-05,739
1685,2017-06-06,1113
1686,2017-06-07,806
1687,2017-06-08,601
1688,2017-06-09,472
1689,2017-06-10,526
1690,2017-06-11,701
1691,2017-06-12,918
1692,2017-06-13,679
1693,2017-06-14,694
1694,2017-06-15,991
1695,2017-06-16,526
1696,2017-06-17,562
1697,2017-06-18,649
1698,2017-06-19,528
1699,2017-06-20,717
1700,2017-06-21,722
1701,2017-06-22,604
1702,2017-06-23,562
1703,2017-06-24,532
1704,2017-06-25,545
1705,2017-06-26,703
1706,2017-06-27,689
1707,2017-06-28,481
1708,2017-06-29,527
1709,2017-06-30,357
1710,2017-07-01,449
1711,2017-07-02,439
1712,2017-07-03,526
1713,2017-07-04,550
1714,2017-07-05,508
1715,2017-07-06,417
1716,2017-07-07,428
1717,2017-07-08,468
1718,2017-07-09,495
1719,2017-07-10,575
1720,2017-07-11,943
1721,2017-07-12,944
1722,2017-07-13,714
1723,2017-07-14,714
1724,2017-07-15,714
1725,2017-07-16,714
1726,2017-07-17,714
1727,2017-07-18,717
1728,2017-07-19,449
1729,2017-07-20,1222
1730,2017-07-21,626
1731,2017-07-22,614
1732,2017-07-23,669
1733,2017-07-24,609
1734,2017-07-25,687
1735,2017-07-26,609
1736,2017-07-27,587
1737,2017-07-28,589
1738,2017-07-29,523
1739,2017-07-30,850
1740,2017-07-31,631
1741,2017-08-01,1274
1742,2017-08-02,865
1743,2017-08-03,561
1744,2017-08-04,879
1745,2017-08-05,1282
1746,2017-08-06,716
1747,2017-08-07,828
1748,2017-08-08,760
1749,2017-08-09,669
1750,2017-08-10,768
1751,2017-08-11,921
1752,2017-08-12,1280
1753,2017-08-13,2479
1754,2017-08-14,1484
1755,2017-08-15,1662
1756,2017-08-16,1092
1757,2017-08-17,1311
1758,2017-08-18,935
1759,2017-08-19,820
1760,2017-08-20,900
1761,2017-08-21,858
1762,2017-08-22,1041
1763,2017-08-23,974
1764,2017-08-24,947
1765,2017-08-25,834
1766,2017-08-26,674
1767,2017-08-27,772
1768,2017-08-28,725
1769,2017-08-29,1414
1770,2017-08-30,913
1771,2017-08-31,1120
1772,2017-09-01,1115
1773,2017-09-02,1224
1774,2017-09-03,896
1775,2017-09-04,1633
1776,2017-09-05,1060
1777,2017-09-06,1420
1778,2017-09-07,1657
1779,2017-09-08,1458
1780,2017-09-09,1100
1781,2017-09-10,1074
1782,2017-09-11,1145
1783,2017-09-12,1115
1784,2017-09-13,1689
1785,2017-09-14,1940
1786,2017-09-15,1891
1787,2017-09-16,1146
1788,2017-09-17,1209
1789,2017-09-18,1341
1790,2017-09-19,1025
1791,2017-09-20,1117
1792,2017-09-21,991
1793,2017-09-22,885
1794,2017-09-23,715
1795,2017-09-24,933
1796,2017-09-25,894
1797,2017-09-26,865
1798,2017-09-27,1310
1799,2017-09-28,856
1800,2017-09-29,751
1801,2017-09-30,704
1802,2017-10-01,929
1803,2017-10-02,903
1804,2017-10-03,1076
1805,2017-10-04,878
1806,2017-10-05,1077
1807,2017-10-06,903
1808,2017-10-07,903
1809,2017-10-08,1130
1810,2017-10-09,1130
1811,2017-10-10,1161
1812,2017-10-11,1161
1813,2017-10-12,2302
1814,2017-10-13,2302
1815,2017-10-14,1383
1816,2017-10-15,1611
1817,2017-10-16,1421
1818,2017-10-17,1415
1819,2017-10-18,1574
1820,2017-10-19,1156
1821,2017-10-20,1481
1822,2017-10-21,1481
1823,2017-10-22,1481
1824,2017-10-23,1525
1825,2017-10-24,1601
1826,2017-10-25,1278
1827,2017-10-26,1407
1828,2017-10-27,1055
1829,2017-10-28,930
1830,2017-10-29,1415
1831,2017-10-30,1334
1832,2017-10-31,1599
1833,2017-11-01,2643
1834,2017-11-02,3241
1835,2017-11-03,2112
1836,2017-11-04,2554
1837,2017-11-05,2554
1838,2017-11-06,2554
1839,2017-11-07,2215
1840,2017-11-08,2215
1841,2017-11-09,2215
1842,2017-11-10,2215
1843,2017-11-11,2215
1844,2017-11-12,2219
1845,2017-11-13,2435
1846,2017-11-14,1885
1847,2017-11-15,1927
1848,2017-11-16,2765
1849,2017-11-17,2409
1850,2017-11-18,2461
1851,2017-11-19,2279
1852,2017-11-20,2621
1853,2017-11-21,2268
1854,2017-11-22,1777
1855,2017-11-23,1812
1856,2017-11-24,1858
1857,2017-11-25,2321
1858,2017-11-26,5050
1859,2017-11-27,4264
1860,2017-11-28,7047
1861,2017-11-29,9568
1862,2017-11-30,5372
1863,2017-12-01,3314
1864,2017-12-02,3189
1865,2017-12-03,3514
1866,2017-12-04,3399
1867,2017-12-05,3492
1868,2017-12-06,6149
1869,2017-12-07,12230
1870,2017-12-08,6916
1871,2017-12-09,5146
1872,2017-12-10,5312
1873,2017-12-11,5352
1874,2017-12-12,5283
1875,2017-12-13,5226
1876,2017-12-14,4248
1877,2017-12-15,3676
1878,2017-12-16,4251
1879,2017-12-17,4742
1880,2017-12-18,4595
1881,2017-12-19,5722
1882,2017-12-20,5441
1883,2017-12-21,5381
1884,2017-12-22,7991
1885,2017-12-23,4317
1886,2017-12-24,3374
1887,2017-12-25,3378
1888,2017-12-26,3565
1889,2017-12-27,3974
1890,2017-12-28,3645
1891,2017-12-29,3194
1892,2017-12-30,3725
1893,2017-12-31,2717
1894,2018-01-01,3057
1895,2018-01-02,3516
1896,2018-01-03,3900
1897,2018-01-04,3673
1898,2018-01-05,3887
1899,2018-01-06,4064
1900,2018-01-07,4292
1901,2018-01-08,3842
1902,2018-01-09,3595
1903,2018-01-10,3740
1904,2018-01-11,3549
1905,2018-01-12,2742
1906,2018-01-13,2741
1907,2018-01-14,2959
1908,2018-01-15,2804
1909,2018-01-16,5575
1910,2018-01-17,4982
1911,2018-01-18,3200
1912,2018-01-19,2457
1913,2018-01-20,2244
1914,2018-01-21,2441
1915,2018-01-22,2489
1916,2018-01-23,2262
1917,2018-01-24,2263
1918,2018-01-25,2121
1919,2018-01-26,1990
1920,2018-01-27,2318
1921,2018-01-28,3388
1922,2018-01-29,2460
1923,2018-01-30,2384
1924,2018-01-31,2352
1925,2018-02-01,2531
1926,2018-02-02,2076
1927,2018-02-03,1644
1928,2018-02-04,2185
1929,2018-02-05,2554
1930,2018-02-06,2330
1931,2018-02-07,1772
1932,2018-02-08,2225
1933,2018-02-09,1569
1934,2018-02-10,1225
1935,2018-02-11,1214
1936,2018-02-12,1366
1937,2018-02-13,1174
1938,2018-02-14,1198
1939,2018-02-15,1374
1940,2018-02-16,1282
1941,2018-02-17,1441
1942,2018-02-18,1474
1943,2018-02-19,1370
1944,2018-02-20,1325
1945,2018-02-21,1346
1946,2018-02-22,1171
1947,2018-02-23,1039
1948,2018-02-24,1039
1949,2018-02-25,1039
1950,2018-02-26,1039
1951,2018-02-27,1039
1952,2018-02-28,1039
1953,2018-03-01,1039
1954,2018-03-02,1039
1955,2018-03-03,1039
1956,2018-03-04,1206
1957,2018-03-05,797
1958,2018-03-06,797
1959,2018-03-07,797
1960,2018-03-08,797
1961,2018-03-09,797
1962,2018-03-10,797
1963,2018-03-11,797
1964,2018-03-12,797
1965,2018-03-13,797
1966,2018-03-14,797
1967,2018-03-15,797
1968,2018-03-16,797
1969,2018-03-17,797
1970,2018-03-18,797
1971,2018-03-19,797
1972,2018-03-20,797
1973,2018-03-21,797
1974,2018-03-22,797
1975,2018-03-23,797
1976,2018-03-24,797
1977,2018-03-25,797
1978,2018-03-26,797
1979,2018-03-27,797
1980,2018-03-28,797
1981,2018-03-29,797
1982,2018-03-30,797
1983,2018-03-31,797
1984,2018-04-01,797
1985,2018-04-02,797
1986,2018-04-03,797
1987,2018-04-04,797
1988,2018-04-05,797
1989,2018-04-06,797
1990,2018-04-07,797
1991,2018-04-08,797
1992,2018-04-09,797
1993,2018-04-10,797
1994,2018-04-11,797
1995,2018-04-12,797
1996,2018-04-13,797
1997,2018-04-14,797
1998,2018-04-15,797
1999,2018-04-16,797
2000,2018-04-17,797
2001,2018-04-18,797
2002,2018-04-19,797
2003,2018-04-20,797
2004,2018-04-21,797
2005,2018-04-22,797
2006,2018-04-23,797
2007,2018-04-24,797
2008,2018-04-25,797
2009,2018-04-26,797
2010,2018-04-27,797
2011,2018-04-28,797
2012,2018-04-29,797
2013,2018-04-30,797
2014,2018-05-01,797
2015,2018-05-02,797
2016,2018-05-03,797
2017,2018-05-04,797
2018,2018-05-05,797
2019,2018-05-06,797
2020,2018-05-07,797
2021,2018-05-08,797
2022,2018-05-09,797
2023,2018-05-10,797
2024,2018-05-11,797
2025,2018-05-12,797
2026,2018-05-13,797
2027,2018-05-14,797
2028,2018-05-15,797
2029,2018-05-16,797
2030,2018-05-17,797
2031,2018-05-18,797
2032,2018-05-19,797
2033,2018-05-20,797
2034,2018-05-21,797
2035,2018-05-22,797
2036,2018-05-23,797
2037,2018-05-24,797
2038,2018-05-25,797
2039,2018-05-26,797
2040,2018-05-27,797
2041,2018-05-28,797
2042,2018-05-29,797
2043,2018-05-30,797
2044,2018-05-31,797
2045,2018-06-01,797
2046,2018-06-02,797
2047,2018-06-03,797
2048,2018-06-04,797
2049,2018-06-05,797
2050,2018-06-06,797
2051,2018-06-07,797
2052,2018-06-08,797
2053,2018-06-09,797
2054,2018-06-10,797
2055,2018-06-11,797
2056,2018-06-12,797
2057,2018-06-13,797
2058,2018-06-14,797
2059,2018-06-15,797
2060,2018-06-16,797
2061,2018-06-17,797
2062,2018-06-18,797
2063,2018-06-19,797
2064,2018-06-20,797
2065,2018-06-21,797
2066,2018-06-22,797
2067,2018-06-23,797
2068,2018-06-24,797
2069,2018-06-25,797
2070,2018-06-26,797
2071,2018-06-27,797
2072,2018-06-28,797
2073,2018-06-29,797
2074,2018-06-30,797
2075,2018-07-01,797
2076,2018-07-02,797
2077,2018-07-03,797
2078,2018-07-04,797
2079,2018-07-05,797
2080,2018-07-06,797
2081,2018-07-07,797
2082,2018-07-08,797
2083,2018-07-09,797
2084,2018-07-10,797
2085,2018-07-11,797
2086,2018-07-12,797
2087,2018-07-13,797
2088,2018-07-14,797
2089,2018-07-15,797
2090,2018-07-16,797
2091,2018-07-17,797
2092,2018-07-18,797
2093,2018-07-19,797
2094,2018-07-20,797
2095,2018-07-21,797
2096,2018-07-22,797
2097,2018-07-23,797
2098,2018-07-24,797
2099,2018-07-25,797
2100,2018-07-26,797
2101,2018-07-27,797
2102,2018-07-28,797
2103,2018-07-29,797
2104,2018-07-30,797
2105,2018-07-31,797
2106,2018-08-01,797
2107,2018-08-02,797
2108,2018-08-03,797
2109,2018-08-04,797
2110,2018-08-05,797
2111,2018-08-06,797
2112,2018-08-07,797
2113,2018-08-08,797
2114,2018-08-09,797
2115,2018-08-10,797
2116,2018-08-11,797
2117,2018-08-12,797
2118,2018-08-13,797
2119,2018-08-14,797
2120,2018-08-15,797
2121,2018-08-16,797
2122,2018-08-17,797
2123,2018-08-18,797
2124,2018-08-19,797
2125,2018-08-20,797
2126,2018-08-21,797
2127,2018-08-22,797
2128,2018-08-23,797
2129,2018-08-24,797
2130,2018-08-25,797
2131,2018-08-26,797
2132,2018-08-27,797
2133,2018-08-28,797
2134,2018-08-29,797
2135,2018-08-30,797
2136,2018-08-31,797
2137,2018-09-01,797
2138,2018-09-02,797
2139,2018-09-03,797
2140,2018-09-04,797
2141,2018-09-05,797
2142,2018-09-06,797
2143,2018-09-07,797
2144,2018-09-08,797
2145,2018-09-09,797
2146,2018-09-10,797
2147,2018-09-11,797
2148,2018-09-12,797
2149,2018-09-13,797
2150,2018-09-14,797
2151,2018-09-15,797
2152,2018-09-16,797
2153,2018-09-17,797
2154,2018-09-18,797
2155,2018-09-19,797
2156,2018-09-20,797
2157,2018-09-21,797
2158,2018-09-22,797
2159,2018-09-23,797
2160,2018-09-24,797
2161,2018-09-25,797
2162,2018-09-26,797
2163,2018-09-27,797
2164,2018-09-28,797
2165,2018-09-29,797
2166,2018-09-30,797
2167,2018-10-01,797
2168,2018-10-02,797
2169,2018-10-03,797
2170,2018-10-04,797
2171,2018-10-05,797
2172,2018-10-06,797
2173,2018-10-07,797
2174,2018-10-08,797
2175,2018-10-09,797
2176,2018-10-10,797
2177,2018-10-11,797
2178,2018-10-12,797
2179,2018-10-13,797
2180,2018-10-14,797
2181,2018-10-15,797
2182,2018-10-16,797
2183,2018-10-17,797
2184,2018-10-18,797
2185,2018-10-19,797
2186,2018-10-20,797
2187,2018-10-21,797
2188,2018-10-22,797
2189,2018-10-23,797
2190,2018-10-24,797
2191,2018-10-25,797
2192,2018-10-26,797
2193,2018-10-27,797
2194,2018-10-28,797
2195,2018-10-29,797
2196,2018-10-30,797
2197,2018-10-31,797
2198,2018-11-01,797
2199,2018-11-02,797
2200,2018-11-03,797
2201,2018-11-04,797
2202,2018-11-05,797
2203,2018-11-06,797
2204,2018-11-07,797
2205,2018-11-08,797
2206,2018-11-09,797
2207,2018-11-10,797
2208,2018-11-11,797
2209,2018-11-12,797
2210,2018-11-13,797
2211,2018-11-14,797
2212,2018-11-15,797
2213,2018-11-16,797
2214,2018-11-17,797
2215,2018-11-18,797
2216,2018-11-19,797
2217,2018-11-20,797
2218,2018-11-21,797
2219,2018-11-22,797
2220,2018-11-23,797
2221,2018-11-24,797
2222,2018-11-25,797
2223,2018-11-26,797
2224,2018-11-27,797
2225,2018-11-28,797
2226,2018-11-29,797
2227,2018-11-30,797
2228,2018-12-01,797
2229,2018-12-02,797
2230,2018-12-03,797
2231,2018-12-04,797
2232,2018-12-05,797
2233,2018-12-06,797
2234,2018-12-07,797
2235,2018-12-08,797
2236,2018-12-09,797
2237,2018-12-10,797
2238,2018-12-11,797
2239,2018-12-12,797
2240,2018-12-13,797
2241,2018-12-14,797
2242,2018-12-15,797
2243,2018-12-16,797
2244,2018-12-17,797
2245,2018-12-18,797
2246,2018-12-19,797
2247,2018-12-20,797
2248,2018-12-21,797
2249,2018-12-22,797
2250,2018-12-23,797
2251,2018-12-24,797
2252,2018-12-25,797
2253,2018-12-26,797
2254,2018-12-27,797
2255,2018-12-28,797
2256,2018-12-29,797
2257,2018-12-30,797
2258,2018-12-31,797
2259,2019-01-01,797
2260,2019-01-02,797
2261,2019-01-03,797
2262,2019-01-04,797
2263,2019-01-05,797
2264,2019-01-06,797
2265,2019-01-07,797
2266,2019-01-08,797
2267,2019-01-09,797
2268,2019-01-10,797
2269,2019-01-11,797
2270,2019-01-12,797
2271,2019-01-13,797
2272,2019-01-14,1008
2273,2019-01-15,188
2274,2019-01-16,188
2275,2019-01-17,189
2276,2019-01-18,254
2277,2019-01-19,254
2278,2019-01-20,254
2279,2019-01-21,254
2280,2019-01-22,254
2281,2019-01-23,254
2282,2019-01-24,254
2283,2019-01-25,254
2284,2019-01-26,254
2285,2019-01-27,254
2286,2019-01-28,254
2287,2019-01-29,254
2288,2019-01-30,254
2289,2019-01-31,254
2290,2019-02-01,254
2291,2019-02-02,254
2292,2019-02-03,254
2293,2019-02-04,254
2294,2019-02-05,254
2295,2019-02-06,254
2296,2019-02-07,254
2297,2019-02-08,254
2298,2019-02-09,254
2299,2019-02-10,254
2300,2019-02-11,254
2301,2019-02-12,254
2302,2019-02-13,254
2303,2019-02-14,254
2304,2019-02-15,254
2305,2019-02-16,254
2306,2019-02-17,254
2307,2019-02-18,254
2308,2019-02-19,254
2309,2019-02-20,254
2310,2019-02-21,254
2311,2019-02-22,254
2312,2019-02-23,254
2313,2019-02-24,254
2314,2019-02-25,254
2315,2019-02-26,254
2316,2019-02-27,254
2317,2019-02-28,254
2318,2019-03-01,254
2319,2019-03-02,254
2320,2019-03-03,254
2321,2019-03-04,254
2322,2019-03-05,254
2323,2019-03-06,254
2324,2019-03-07,254
2325,2019-03-08,254
2326,2019-03-09,254
2327,2019-03-10,254
2328,2019-03-11,254
2329,2019-03-12,254
2330,2019-03-13,254
2331,2019-03-14,254
2332,2019-03-15,254
2333,2019-03-16,254
2334,2019-03-17,254
2335,2019-03-18,254
2336,2019-03-19,254
2337,2019-03-20,254
2338,2019-03-21,254
2339,2019-03-22,254
2340,2019-03-23,254
2341,2019-03-24,254
2342,2019-03-25,254
2343,2019-03-26,254
2344,2019-03-27,254
2345,2019-03-28,254
2346,2019-03-29,254
2347,2019-03-30,254
2348,2019-03-31,254
2349,2019-04-01,254
2350,2019-04-02,254
2351,2019-04-03,254
2352,2019-04-04,254
2353,2019-04-05,254
2354,2019-04-06,254
2355,2019-04-07,254
2356,2019-04-08,254
2357,2019-04-09,254
2358,2019-04-10,254
2359,2019-04-11,254
2360,2019-04-12,254
2361,2019-04-13,254
2362,2019-04-14,254
2363,2019-04-15,254
2364,2019-04-16,254
2365,2019-04-17,254
2366,2019-04-18,254
2367,2019-04-19,254
2368,2019-04-20,254
2369,2019-04-21,254
2370,2019-04-22,254
2371,2019-04-23,254
2372,2019-04-24,254
2373,2019-04-25,254
2374,2019-04-26,254
2375,2019-04-27,254
2376,2019-04-28,254
2377,2019-04-29,254
2378,2019-04-30,254
2379,2019-05-01,254
2380,2019-05-02,254
2381,2019-05-03,254
2382,2019-05-04,254
2383,2019-05-05,254
2384,2019-05-06,254
2385,2019-05-07,254
2386,2019-05-08,254
2387,2019-05-09,254
2388,2019-05-10,254
2389,2019-05-11,254
2390,2019-05-12,254
2391,2019-05-13,254
2392,2019-05-14,254
2393,2019-05-15,254
2394,2019-05-16,254
2395,2019-05-17,254
2396,2019-05-18,254
2397,2019-05-19,254
2398,2019-05-20,254
2399,2019-05-21,254
2400,2019-05-22,254
2401,2019-05-23,254
2402,2019-05-24,254
2403,2019-05-25,254
2404,2019-05-26,254
2405,2019-05-27,254
2406,2019-05-28,254
2407,2019-05-29,254
2408,2019-05-30,254
2409,2019-05-31,254
2410,2019-06-01,254
2411,2019-06-02,254
2412,2019-06-03,254
2413,2019-06-04,254
2414,2019-06-05,254
2415,2019-06-06,254
2416,2019-06-07,254
2417,2019-06-08,254
2418,2019-06-09,254
2419,2019-06-10,254
2420,2019-06-11,254
2421,2019-06-12,260
2422,2019-06-13,843
2423,2019-06-14,843
2424,2019-06-15,843
2425,2019-06-16,843
2426,2019-06-17,843
2427,2019-06-18,843
2428,2019-06-19,843
2429,2019-06-20,843
2430,2019-06-21,843
2431,2019-06-22,843
2432,2019-06-23,843
2433,2019-06-24,843
2434,2019-06-25,843
2435,2019-06-26,843
2436,2019-06-27,843
2437,2019-06-28,843
2438,2019-06-29,843
2439,2019-06-30,843
2440,2019-07-01,843
2441,2019-07-02,843
2442,2019-07-03,843
2443,2019-07-04,843
2444,2019-07-05,843
2445,2019-07-06,843
2446,2019-07-07,843
2447,2019-07-08,843
2448,2019-07-09,843
2449,2019-07-10,843
2450,2019-07-11,846
2451,2019-07-12,991
2452,2019-07-13,952
2453,2019-07-14,1607
2454,2019-07-15,1313
2455,2019-07-16,1519
2456,2019-07-17,1292
2457,2019-07-18,977
2458,2019-07-19,915
2459,2019-07-20,1067
2460,2019-07-21,1196
2461,2019-07-22,1058
2462,2019-07-23,1165
2463,2019-07-24,1502
2464,2019-07-25,1127
2465,2019-07-26,1045
2466,2019-07-27,979
2467,2019-07-28,1014
2468,2019-07-29,1088
2469,2019-07-30,1064
2470,2019-07-31,1178
2471,2019-08-01,922
2472,2019-08-02,792
2473,2019-08-03,1087
2474,2019-08-04,1092
2475,2019-08-05,1124
2476,2019-08-06,1732
2477,2019-08-07,948
2478,2019-08-08,613
2479,2019-08-09,975
2480,2019-08-10,856
2481,2019-08-11,1071
2482,2019-08-12,1059
2483,2019-08-13,1044
2484,2019-08-14,975
2485,2019-08-15,869
2486,2019-08-16,1098
2487,2019-08-17,906
2488,2019-08-18,1233
2489,2019-08-19,944
2490,2019-08-20,886
2491,2019-08-21,1047
2492,2019-08-22,858
2493,2019-08-23,926
2494,2019-08-24,889
2495,2019-08-25,1099
2496,2019-08-26,946
2497,2019-08-27,967
2498,2019-08-28,951
2499,2019-08-29,1023
2500,2019-08-30,751
2501,2019-08-31,751
2502,2019-09-01,994
2503,2019-09-02,855
2504,2019-09-03,910
2505,2019-09-04,798
2506,2019-09-05,883
2507,2019-09-06,806
2508,2019-09-07,938
2509,2019-09-08,913
2510,2019-09-09,875
2511,2019-09-10,886
2512,2019-09-11,795
2513,2019-09-12,866
2514,2019-09-13,703
2515,2019-09-14,915
2516,2019-09-15,808
2517,2019-09-16,880
2518,2019-09-17,765
2519,2019-09-18,738
2520,2019-09-19,857
2521,2019-09-20,771
2522,2019-09-21,845
2523,2019-09-22,834
2524,2019-09-23,864
2525,2019-09-24,1074
2526,2019-09-25,822
2527,2019-09-26,866
2528,2019-09-27,765
2529,2019-09-28,872
2530,2019-09-29,770
2531,2019-09-30,724
2532,2019-10-01,754
2533,2019-10-02,761
2534,2019-10-03,817
2535,2019-10-04,700
2536,2019-10-05,690
2537,2019-10-06,796
2538,2019-10-07,719
2539,2019-10-08,801
2540,2019-10-09,780
2541,2019-10-10,587
2542,2019-10-11,544
2543,2019-10-12,775
2544,2019-10-13,617
2545,2019-10-14,701
2546,2019-10-15,731
2547,2019-10-16,746
2548,2019-10-17,771
2549,2019-10-18,697
2550,2019-10-19,790
2551,2019-10-20,793
2552,2019-10-21,789
2553,2019-10-22,1049
2554,2019-10-23,715
2555,2019-10-24,667
2556,2019-10-25,858
2557,2019-10-26,869
2558,2019-10-27,847
2559,2019-10-28,782
2560,2019-10-29,844
2561,2019-10-30,769
2562,2019-10-31,686
2563,2019-11-01,662
2564,2019-11-02,985
2565,2019-11-03,823
2566,2019-11-04,964
2567,2019-11-05,807
2568,2019-11-06,741
2569,2019-11-07,740
2570,2019-11-08,652
2571,2019-11-09,732
2572,2019-11-10,762
2573,2019-11-11,761
2574,2019-11-12,780
2575,2019-11-13,771
2576,2019-11-14,755
2577,2019-11-15,660
2578,2019-11-16,631
2579,2019-11-17,701
2580,2019-11-18,705
2581,2019-11-19,786
2582,2019-11-20,927
2583,2019-11-21,965
2584,2019-11-22,975
2585,2019-11-23,1050
2586,2019-11-24,938
2587,2019-11-25,1150
2588,2019-11-26,840
2589,2019-11-27,925
2590,2019-11-28,895
2591,2019-11-29,950
2592,2019-11-30,1056
2593,2019-12-01,1007
2594,2019-12-02,1071
2595,2019-12-03,975
2596,2019-12-04,1039
2597,2019-12-05,807
2598,2019-12-06,995
2599,2019-12-07,835
2600,2019-12-08,1138
2601,2019-12-09,822
2602,2019-12-10,823
2603,2019-12-11,1012
2604,2019-12-12,1258
2605,2019-12-13,867
2606,2019-12-14,964
2607,2019-12-15,1038
2608,2019-12-16,942
2609,2019-12-17,886
2610,2019-12-18,1144
2611,2019-12-19,928
2612,2019-12-20,890
2613,2019-12-21,1029
2614,2019-12-22,1003
2615,2019-12-23,889
2616,2019-12-24,978
2617,2019-12-25,961
2618,2019-12-26,1099
2619,2019-12-27,922
2620,2019-12-28,1251
2621,2019-12-29,1330
2622,2019-12-30,978
2623,2019-12-31,1049
2624,2020-01-01,1237
2625,2020-01-02,1129
2626,2020-01-03,1063
2627,2020-01-04,1185
2628,2020-01-05,1470
2629,2020-01-06,1475
2630,2020-01-07,1455
2631,2020-01-08,1265
2632,2020-01-09,1088
2633,2020-01-10,1121
2634,2020-01-11,1093
2635,2020-01-12,1133
2636,2020-01-13,1076
2637,2020-01-14,1180
2638,2020-01-15,1045
2639,2020-01-16,960
2640,2020-01-17,1068
2641,2020-01-18,1299
2642,2020-01-19,1118
2643,2020-01-20,1178
2644,2020-01-21,1123
2645,2020-01-22,978
2646,2020-01-23,1170
2647,2020-01-24,967
2648,2020-01-25,981
2649,2020-01-26,973
2650,2020-01-27,1305
2651,2020-01-28,810
2652,2020-01-29,1249
2653,2020-01-30,1064
2654,2020-01-31,914
2655,2020-02-01,1174
2656,2020-02-02,1176
2657,2020-02-03,1034
2658,2020-02-04,1168
2659,2020-02-05,1122
2660,2020-02-06,1168
2661,2020-02-07,1096
2662,2020-02-08,1382
2663,2020-02-09,1118
2664,2020-02-10,1308
2665,2020-02-11,1034
2666,2020-02-12,1271
2667,2020-02-13,1018
2668,2020-02-14,1037
2669,2020-02-15,1255
2670,2020-02-16,1180
2671,2020-02-17,1194
2672,2020-02-18,1076
2673,2020-02-19,1592
2674,2020-02-20,940
2675,2020-02-21,1466
2676,2020-02-22,1153
2677,2020-02-23,1311
2678,2020-02-24,1185
2679,2020-02-25,1329
2680,2020-02-26,1078
2681,2020-02-27,1127
2682,2020-02-28,1140
2683,2020-02-29,955
2684,2020-03-01,1286
2685,2020-03-02,1338
2686,2020-03-03,1068
2687,2020-03-04,1243
2688,2020-03-05,1081
2689,2020-03-06,1157
2690,2020-03-07,1061
2691,2020-03-07,1379
2692,2020-03-08,628
2693,2020-03-09,628
2694,2020-03-10,940
2695,2020-03-11,1478
2696,2020-03-12,1895
2697,2020-03-13,1370
2698,2020-03-14,1652
2699,2020-03-15,1751
2700,2020-03-16,900
2701,2020-03-17,1683
2702,2020-03-18,1607
2703,2020-03-19,1421
2704,2020-03-20,1535
2705,2020-03-21,1622
2706,2020-03-22,1523
2707,2020-03-23,1493
2708,2020-03-24,1913
2709,2020-03-25,1857
2710,2020-03-26,1897
2711,2020-03-27,1668
2712,2020-03-28,1620
2713,2020-03-29,1419
2714,2020-03-30,1559
2715,2020-03-31,1650
2716,2020-04-01,1498
2717,2020-04-02,1669
2718,2020-04-03,1522
2719,2020-04-04,1693
2720,2020-04-05,1777
2721,2020-04-06,1804
2722,2020-04-07,1388
2723,2020-04-08,1563
2724,2020-04-09,1958
2725,2020-04-10,1590
2726,2020-04-11,1500
