,date,total
0,2013-12-14,1
1,2013-12-15,1
2,2013-12-16,1
3,2013-12-17,1
4,2013-12-18,1
5,2013-12-19,1
6,2013-12-20,1
7,2013-12-21,1
8,2013-12-22,1
9,2013-12-23,1
10,2013-12-24,1
11,2013-12-25,1
12,2013-12-26,1
13,2013-12-27,1
14,2013-12-28,1
15,2013-12-29,2
16,2013-12-30,2
17,2013-12-31,2
18,2014-01-01,3
19,2014-01-02,6
20,2014-01-03,7
21,2014-01-04,8
22,2014-01-05,8
23,2014-01-06,7
24,2014-01-07,7
25,2014-01-08,8
26,2014-01-09,9
27,2014-01-10,20
28,2014-01-11,103
29,2014-01-12,129
30,2014-01-13,139
31,2014-01-14,164
32,2014-01-15,180
33,2014-01-16,199
34,2014-01-17,212
35,2014-01-18,223
36,2014-01-19,231
37,2014-01-20,243
38,2014-01-21,258
39,2014-01-22,280
40,2014-01-23,372
41,2014-01-24,450
42,2014-01-25,500
43,2014-01-26,532
44,2014-01-27,574
45,2014-01-28,589
46,2014-01-29,624
47,2014-01-30,663
48,2014-01-31,701
49,2014-02-01,743
50,2014-02-02,783
51,2014-02-03,824
52,2014-02-04,861
53,2014-02-05,897
54,2014-02-06,930
55,2014-02-07,955
56,2014-02-08,984
57,2014-02-09,1004
58,2014-02-10,1032
59,2014-02-11,1072
60,2014-02-12,1096
61,2014-02-13,1112
62,2014-02-14,1125
63,2014-02-15,1139
64,2014-02-16,1154
65,2014-02-17,1177
66,2014-02-18,1192
67,2014-02-19,1208
68,2014-02-20,1247
69,2014-02-21,1265
70,2014-02-22,1275
71,2014-02-23,1290
72,2014-02-24,1304
73,2014-02-25,1313
74,2014-02-26,1328
75,2014-02-27,1339
76,2014-02-28,1345
77,2014-03-01,1361
78,2014-03-02,1381
79,2014-03-03,1410
80,2014-03-04,1436
81,2014-03-05,1452
82,2014-03-06,1465
83,2014-03-07,1481
84,2014-03-08,1492
85,2014-03-08,1504
86,2014-03-09,1509
87,2014-03-10,1515
88,2014-03-11,1523
89,2014-03-12,1539
90,2014-03-13,1553
91,2014-03-14,1576
92,2014-03-15,1584
93,2014-03-16,1596
94,2014-03-17,1606
95,2014-03-18,1613
96,2014-03-19,1624
97,2014-03-20,1630
98,2014-03-21,1640
99,2014-03-22,1652
100,2014-03-23,1665
101,2014-03-24,1675
102,2014-03-25,1685
103,2014-03-26,1698
104,2014-03-27,1707
105,2014-03-28,1719
106,2014-03-29,1728
107,2014-03-30,1730
108,2014-03-31,1737
109,2014-04-01,1749
110,2014-04-02,1758
111,2014-04-03,1763
112,2014-04-04,1768
113,2014-04-05,1783
114,2014-04-06,1794
115,2014-04-07,1848
116,2014-04-08,1884
117,2014-04-09,1890
118,2014-04-10,1897
119,2014-04-11,1900
120,2014-04-12,1903
121,2014-04-13,1915
122,2014-04-14,1931
123,2014-04-15,1938
124,2014-04-16,1946
125,2014-04-17,1953
126,2014-04-18,1968
127,2014-04-19,1979
128,2014-04-20,1989
129,2014-04-21,1995
130,2014-04-22,2001
131,2014-04-23,2001
132,2014-04-24,2007
133,2014-04-25,2014
134,2014-04-26,2024
135,2014-04-27,2030
136,2014-04-28,2034
137,2014-04-29,2044
138,2014-04-30,2049
139,2014-05-01,2056
140,2014-05-02,2056
141,2014-05-03,2060
142,2014-05-04,2066
143,2014-05-05,2082
144,2014-05-06,2140
145,2014-05-07,2165
146,2014-05-08,2192
147,2014-05-09,2203
148,2014-05-10,2213
149,2014-05-11,2224
150,2014-05-12,2230
151,2014-05-13,2237
152,2014-05-14,2266
153,2014-05-15,2277
154,2014-05-16,2286
155,2014-05-17,2295
156,2014-05-18,2296
157,2014-05-19,2301
158,2014-05-20,2309
159,2014-05-21,2313
160,2014-05-22,2322
161,2014-05-23,2328
162,2014-05-24,2333
163,2014-05-25,2338
164,2014-05-26,2348
165,2014-05-27,2355
166,2014-05-28,2360
167,2014-05-29,2360
168,2014-05-30,2362
169,2014-05-31,2365
170,2014-06-01,2367
171,2014-06-02,2369
172,2014-06-03,2371
173,2014-06-04,2383
174,2014-06-05,2391
175,2014-06-06,2401
176,2014-06-07,2409
177,2014-06-08,2417
178,2014-06-09,2427
179,2014-06-10,2437
180,2014-06-11,2448
181,2014-06-12,2451
182,2014-06-13,2463
183,2014-06-14,2468
184,2014-06-15,2473
185,2014-06-16,2481
186,2014-06-17,2490
187,2014-06-18,2496
188,2014-06-19,2500
189,2014-06-20,2504
190,2014-06-21,2506
191,2014-06-22,2511
192,2014-06-23,2513
193,2014-06-24,2515
194,2014-06-25,2516
195,2014-06-26,2519
196,2014-06-27,2523
197,2014-06-28,2528
198,2014-06-29,2530
199,2014-06-30,2533
200,2014-07-01,2537
201,2014-07-02,2544
202,2014-07-03,2554
203,2014-07-04,2555
204,2014-07-05,2558
205,2014-07-06,2566
206,2014-07-07,2572
207,2014-07-08,2576
208,2014-07-09,2579
209,2014-07-10,2579
210,2014-07-11,2581
211,2014-07-12,2583
212,2014-07-13,2585
213,2014-07-14,2593
214,2014-07-15,2594
215,2014-07-16,2602
216,2014-07-17,2606
217,2014-07-18,2608
218,2014-07-19,2610
219,2014-07-20,2612
220,2014-07-21,2618
221,2014-07-22,2659
222,2014-07-23,2739
223,2014-07-24,2780
224,2014-07-25,2805
225,2014-07-26,2815
226,2014-07-27,2830
227,2014-07-28,2844
228,2014-07-29,2855
229,2014-07-30,2861
230,2014-07-31,2874
231,2014-08-01,2880
232,2014-08-02,2887
233,2014-08-03,2897
234,2014-08-04,2911
235,2014-08-05,2931
236,2014-08-06,2948
237,2014-08-07,2967
238,2014-08-08,2979
239,2014-08-09,2983
240,2014-08-10,2987
241,2014-08-11,2987
242,2014-08-12,2993
243,2014-08-13,3002
244,2014-08-14,3006
245,2014-08-15,3014
246,2014-08-16,3023
247,2014-08-17,3029
248,2014-08-18,3038
249,2014-08-19,3054
250,2014-08-20,3058
251,2014-08-21,3062
252,2014-08-22,3066
253,2014-08-23,3070
254,2014-08-24,3074
255,2014-08-25,3076
256,2014-08-26,3075
257,2014-08-27,3078
258,2014-08-28,3082
259,2014-08-29,3086
260,2014-08-30,3089
261,2014-08-31,3091
262,2014-09-01,3095
263,2014-09-02,3102
264,2014-09-03,3114
265,2014-09-04,3118
266,2014-09-05,3123
267,2014-09-06,3131
268,2014-09-07,3133
269,2014-09-08,3139
270,2014-09-09,3145
271,2014-09-10,3159
272,2014-09-11,3177
273,2014-09-12,3194
274,2014-09-13,3200
275,2014-09-14,3204
276,2014-09-15,3211
277,2014-09-16,3217
278,2014-09-17,3218
279,2014-09-18,3218
280,2014-09-19,3220
281,2014-09-20,3231
282,2014-09-21,3234
283,2014-09-22,3235
284,2014-09-23,3237
285,2014-09-24,3246
286,2014-09-25,3251
287,2014-09-26,3254
288,2014-09-27,3257
289,2014-09-28,3258
290,2014-09-29,3260
291,2014-09-30,3263
292,2014-10-01,3270
293,2014-10-02,3271
294,2014-10-03,3272
295,2014-10-04,3274
296,2014-10-05,3277
297,2014-10-06,3286
298,2014-10-07,3297
299,2014-10-08,3303
300,2014-10-09,3308
301,2014-10-10,3310
302,2014-10-11,3316
303,2014-10-12,3322
304,2014-10-13,3325
305,2014-10-14,3327
306,2014-10-15,3327
307,2014-10-16,3331
308,2014-10-17,3333
309,2014-10-18,3333
310,2014-10-19,3338
311,2014-10-20,3338
312,2014-10-21,3349
313,2014-10-22,3355
314,2014-10-23,3360
315,2014-10-24,3363
316,2014-10-25,3369
317,2014-10-26,3370
318,2014-10-27,3377
319,2014-10-28,3380
320,2014-10-29,3380
321,2014-10-30,3382
322,2014-10-31,3385
323,2014-11-01,3387
324,2014-11-02,3389
325,2014-11-03,3392
326,2014-11-04,3391
327,2014-11-05,3397
328,2014-11-06,3402
329,2014-11-07,3406
330,2014-11-08,3408
331,2014-11-09,3411
332,2014-11-10,3416
333,2014-11-11,3418
334,2014-11-12,3422
335,2014-11-13,3429
336,2014-11-14,3430
337,2014-11-15,3437
338,2014-11-16,3443
339,2014-11-17,3445
340,2014-11-18,3448
341,2014-11-19,3456
342,2014-11-20,3462
343,2014-11-21,3464
344,2014-11-22,3467
345,2014-11-23,3469
346,2014-11-24,3473
347,2014-11-25,3480
348,2014-11-26,3484
349,2014-11-27,3486
350,2014-11-28,3488
351,2014-11-29,3490
352,2014-11-30,3493
353,2014-12-01,3494
354,2014-12-02,3501
355,2014-12-03,3506
356,2014-12-04,3508
357,2014-12-05,3515
358,2014-12-06,3518
359,2014-12-07,3522
360,2014-12-08,3529
361,2014-12-09,3540
362,2014-12-10,3545
363,2014-12-11,3555
364,2014-12-12,3566
365,2014-12-13,3569
366,2014-12-14,3571
367,2014-12-15,3572
368,2014-12-16,3574
369,2014-12-17,3583
370,2014-12-18,3587
371,2014-12-19,3589
372,2014-12-20,3589
373,2014-12-21,3595
374,2014-12-22,3601
375,2014-12-23,3605
376,2014-12-24,3606
377,2014-12-25,3609
378,2014-12-26,3614
379,2014-12-27,3619
380,2014-12-28,3624
381,2014-12-29,3634
382,2014-12-30,3638
383,2014-12-31,3646
384,2015-01-01,3649
385,2015-01-02,3651
386,2015-01-03,3657
387,2015-01-04,3661
388,2015-01-05,3669
389,2015-01-06,3677
390,2015-01-07,3682
391,2015-01-08,3682
392,2015-01-09,3688
393,2015-01-10,3693
394,2015-01-11,3701
395,2015-01-12,3704
396,2015-01-13,3712
397,2015-01-14,3721
398,2015-01-15,3726
399,2015-01-16,3731
400,2015-01-17,3735
401,2015-01-18,3738
402,2015-01-19,3740
403,2015-01-20,3750
404,2015-01-21,3762
405,2015-01-22,3761
406,2015-01-23,3766
407,2015-01-24,3775
408,2015-01-25,3786
409,2015-01-26,3791
410,2015-01-27,3799
411,2015-01-28,3805
412,2015-01-29,3809
413,2015-01-30,3811
414,2015-01-31,3812
415,2015-02-01,3817
416,2015-02-02,3822
417,2015-02-03,3823
418,2015-02-04,3833
419,2015-02-05,3840
420,2015-02-06,3848
421,2015-02-07,3857
422,2015-02-08,3860
423,2015-02-09,3866
424,2015-02-10,3870
425,2015-02-11,3874
426,2015-02-12,3878
427,2015-02-13,3880
428,2015-02-14,3885
429,2015-02-15,3888
430,2015-02-16,3895
431,2015-02-17,3912
432,2015-02-18,3916
433,2015-02-19,3920
434,2015-02-20,3927
435,2015-02-21,3931
436,2015-02-22,3936
437,2015-02-23,3939
438,2015-02-24,3949
439,2015-02-25,3954
440,2015-02-26,3969
441,2015-02-27,3974
442,2015-02-28,3977
443,2015-03-01,3980
444,2015-03-02,3988
445,2015-03-03,3988
446,2015-03-04,3991
447,2015-03-05,3995
448,2015-03-06,4002
449,2015-03-07,4004
450,2015-03-07,4005
451,2015-03-08,4018
452,2015-03-09,4031
453,2015-03-10,4040
454,2015-03-11,4043
455,2015-03-12,4051
456,2015-03-13,4058
457,2015-03-14,4065
458,2015-03-15,4073
459,2015-03-16,4082
460,2015-03-17,4085
461,2015-03-18,4085
462,2015-03-19,4097
463,2015-03-20,4100
464,2015-03-21,4103
465,2015-03-22,4106
466,2015-03-23,4112
467,2015-03-24,4118
468,2015-03-25,4124
469,2015-03-26,4139
470,2015-03-27,4146
471,2015-03-28,4149
472,2015-03-29,4158
473,2015-03-30,4166
474,2015-03-31,4168
475,2015-04-01,4173
476,2015-04-02,4175
477,2015-04-03,4177
478,2015-04-04,4183
479,2015-04-05,4186
480,2015-04-06,4188
481,2015-04-07,4190
482,2015-04-08,4190
483,2015-04-09,4194
484,2015-04-10,4196
485,2015-04-11,4200
486,2015-04-12,4203
487,2015-04-13,4208
488,2015-04-14,4215
489,2015-04-15,4217
490,2015-04-16,4214
491,2015-04-17,4216
492,2015-04-18,4219
493,2015-04-19,4219
494,2015-04-20,4222
495,2015-04-21,4231
496,2015-04-22,4236
497,2015-04-23,4240
498,2015-04-24,4242
499,2015-04-25,4246
500,2015-04-26,4249
501,2015-04-27,4256
502,2015-04-28,4261
503,2015-04-29,4267
504,2015-04-30,4268
505,2015-05-01,4267
506,2015-05-02,4268
507,2015-05-03,4268
508,2015-05-04,4271
509,2015-05-05,4274
510,2015-05-06,4277
511,2015-05-07,4276
512,2015-05-08,4280
513,2015-05-09,4282
514,2015-05-10,4293
515,2015-05-11,4294
516,2015-05-12,4301
517,2015-05-13,4303
518,2015-05-14,4302
519,2015-05-15,4309
520,2015-05-16,4315
521,2015-05-17,4318
522,2015-05-18,4325
523,2015-05-19,4329
524,2015-05-20,4338
525,2015-05-21,4350
526,2015-05-22,4357
527,2015-05-23,4364
528,2015-05-24,4369
529,2015-05-25,4375
530,2015-05-26,4380
531,2015-05-27,4382
532,2015-05-28,4387
533,2015-05-29,4392
534,2015-05-30,4397
535,2015-05-31,4400
536,2015-06-01,4404
537,2015-06-02,4414
538,2015-06-03,4420
539,2015-06-04,4421
540,2015-06-05,4424
541,2015-06-06,4427
542,2015-06-07,4425
543,2015-06-08,4424
544,2015-06-09,4430
545,2015-06-10,4431
546,2015-06-11,4434
547,2015-06-12,4434
548,2015-06-13,4436
549,2015-06-14,4439
550,2015-06-15,4446
551,2015-06-16,4449
552,2015-06-17,4457
553,2015-06-18,4457
554,2015-06-19,4459
555,2015-06-20,4466
556,2015-06-21,4472
557,2015-06-22,4475
558,2015-06-23,4477
559,2015-06-24,4482
560,2015-06-25,4491
561,2015-06-26,4492
562,2015-06-27,4498
563,2015-06-28,4510
564,2015-06-29,4513
565,2015-06-30,4515
566,2015-07-01,4521
567,2015-07-02,4529
568,2015-07-03,4555
569,2015-07-04,4557
570,2015-07-05,4559
571,2015-07-06,4565
572,2015-07-07,4579
573,2015-07-08,4584
574,2015-07-09,4587
575,2015-07-10,4594
576,2015-07-11,4599
577,2015-07-12,4606
578,2015-07-13,4611
579,2015-07-14,4620
580,2015-07-15,4629
581,2015-07-16,4632
582,2015-07-17,4641
583,2015-07-18,4646
584,2015-07-19,4653
585,2015-07-20,4660
586,2015-07-21,4667
587,2015-07-22,4675
588,2015-07-23,4694
589,2015-07-24,4698
590,2015-07-25,4700
591,2015-07-26,4706
592,2015-07-27,4742
593,2015-07-28,4766
594,2015-07-29,4790
595,2015-07-30,4896
596,2015-07-31,4963
597,2015-08-01,5012
598,2015-08-02,5067
599,2015-08-03,5115
600,2015-08-04,5149
601,2015-08-05,5171
602,2015-08-06,5208
603,2015-08-07,5261
604,2015-08-08,5297
605,2015-08-09,5315
606,2015-08-10,5332
607,2015-08-11,5366
608,2015-08-12,5398
609,2015-08-13,5433
610,2015-08-14,5474
611,2015-08-15,5502
612,2015-08-16,5528
613,2015-08-17,5565
614,2015-08-18,5603
615,2015-08-19,5627
616,2015-08-20,5647
617,2015-08-21,5665
618,2015-08-22,5678
619,2015-08-23,5690
620,2015-08-24,5708
621,2015-08-25,5719
622,2015-08-26,5731
623,2015-08-27,5736
624,2015-08-28,5746
625,2015-08-29,5759
626,2015-08-30,5771
627,2015-08-31,5784
628,2015-09-01,5791
629,2015-09-02,5804
630,2015-09-03,5817
631,2015-09-04,5830
632,2015-09-05,5835
633,2015-09-06,5838
634,2015-09-07,5846
635,2015-09-08,5852
636,2015-09-09,5871
637,2015-09-10,5879
638,2015-09-11,5892
639,2015-09-12,5910
640,2015-09-13,5933
641,2015-09-14,5943
642,2015-09-15,5952
643,2015-09-16,5962
644,2015-09-17,5972
645,2015-09-18,5985
646,2015-09-19,5992
647,2015-09-20,6003
648,2015-09-21,6016
649,2015-09-22,6028
650,2015-09-23,6029
651,2015-09-24,6034
652,2015-09-25,6039
653,2015-09-26,6046
654,2015-09-27,6055
655,2015-09-28,6064
656,2015-09-29,6074
657,2015-09-30,6083
658,2015-10-01,6093
659,2015-10-02,6093
660,2015-10-03,6096
661,2015-10-04,6103
662,2015-10-05,6109
663,2015-10-06,6119
664,2015-10-07,6123
665,2015-10-08,6131
666,2015-10-09,6137
667,2015-10-10,6142
668,2015-10-11,6152
669,2015-10-12,6162
670,2015-10-13,6166
671,2015-10-14,6188
672,2015-10-15,6193
673,2015-10-16,6198
674,2015-10-17,6207
675,2015-10-18,6218
676,2015-10-19,6227
677,2015-10-20,6230
678,2015-10-21,6237
679,2015-10-22,6286
680,2015-10-23,6296
681,2015-10-24,6305
682,2015-10-25,6317
683,2015-10-26,6320
684,2015-10-27,6323
685,2015-10-28,6329
686,2015-10-29,6349
687,2015-10-30,6364
688,2015-10-31,6371
689,2015-11-01,6376
690,2015-11-02,6382
691,2015-11-03,6389
692,2015-11-04,6402
693,2015-11-05,6412
694,2015-11-06,6426
695,2015-11-07,6440
696,2015-11-08,6446
697,2015-11-09,6464
698,2015-11-10,6482
699,2015-11-11,6500
700,2015-11-12,6519
701,2015-11-13,6526
702,2015-11-14,6542
703,2015-11-15,6545
704,2015-11-16,6552
705,2015-11-17,6560
706,2015-11-18,6572
707,2015-11-19,6584
708,2015-11-20,6591
709,2015-11-21,6600
710,2015-11-22,6611
711,2015-11-23,6617
712,2015-11-24,6629
713,2015-11-25,6639
714,2015-11-26,6650
715,2015-11-27,6651
716,2015-11-28,6661
717,2015-11-29,6670
718,2015-11-30,6678
719,2015-12-01,6689
720,2015-12-02,6695
721,2015-12-03,6706
722,2015-12-04,6713
723,2015-12-05,6720
724,2015-12-06,6724
725,2015-12-07,6737
726,2015-12-08,6743
727,2015-12-09,6759
728,2015-12-10,6777
729,2015-12-11,6785
730,2015-12-12,6797
731,2015-12-13,6807
732,2015-12-14,6818
733,2015-12-15,6815
734,2015-12-16,6826
735,2015-12-17,6838
736,2015-12-18,6855
737,2015-12-19,6862
738,2015-12-20,6867
739,2015-12-21,6870
740,2015-12-22,6877
741,2015-12-23,6881
742,2015-12-24,6890
743,2015-12-25,6880
744,2015-12-26,6875
745,2015-12-27,6871
746,2015-12-28,6868
747,2015-12-29,6853
748,2015-12-30,6853
749,2015-12-31,6854
750,2016-01-01,6853
751,2016-01-02,6863
752,2016-01-03,6879
753,2016-01-04,6887
754,2016-01-05,6901
755,2016-01-06,6917
756,2016-01-07,6931
757,2016-01-08,6955
758,2016-01-09,6970
759,2016-01-10,6982
760,2016-01-11,6996
761,2016-01-12,7046
762,2016-01-13,7068
763,2016-01-14,7090
764,2016-01-15,7159
765,2016-01-16,7201
766,2016-01-17,7225
767,2016-01-18,7262
768,2016-01-19,7290
769,2016-01-20,7338
770,2016-01-21,7371
771,2016-01-22,7389
772,2016-01-23,7434
773,2016-01-24,7483
774,2016-01-25,7547
775,2016-01-26,7608
776,2016-01-27,7648
777,2016-01-28,7678
778,2016-01-29,7700
779,2016-01-30,7716
780,2016-01-31,7762
781,2016-02-01,7790
782,2016-02-02,7830
783,2016-02-03,7856
784,2016-02-04,7880
785,2016-02-05,7902
786,2016-02-06,7911
787,2016-02-07,7929
788,2016-02-08,7946
789,2016-02-09,7997
790,2016-02-10,8088
791,2016-02-11,8179
792,2016-02-12,8225
793,2016-02-13,8266
794,2016-02-14,8300
795,2016-02-15,8357
796,2016-02-16,8389
797,2016-02-17,8426
798,2016-02-18,8464
799,2016-02-19,8483
800,2016-02-20,8502
801,2016-02-21,8538
802,2016-02-22,8577
803,2016-02-23,8619
804,2016-02-24,8685
805,2016-02-25,8721
806,2016-02-26,8798
807,2016-02-27,8843
808,2016-02-28,8877
809,2016-02-29,8930
810,2016-03-01,9000
811,2016-03-02,9079
812,2016-03-03,9230
813,2016-03-04,9307
814,2016-03-05,9445
815,2016-03-06,9526
816,2016-03-07,9603
817,2016-03-08,9662
818,2016-03-09,9721
819,2016-03-10,9783
820,2016-03-11,9839
821,2016-03-12,9969
822,2016-03-12,10094
823,2016-03-13,10154
824,2016-03-14,10215
825,2016-03-15,10292
826,2016-03-16,10357
827,2016-03-17,10417
828,2016-03-18,10480
829,2016-03-19,10539
830,2016-03-20,10589
831,2016-03-21,10627
832,2016-03-22,10665
833,2016-03-23,10712
834,2016-03-24,10787
835,2016-03-25,10814
836,2016-03-26,10841
837,2016-03-27,10874
838,2016-03-28,10994
839,2016-03-29,11071
840,2016-03-30,11124
841,2016-03-31,11166
842,2016-04-01,11198
843,2016-04-02,11232
844,2016-04-03,11272
845,2016-04-04,11328
846,2016-04-05,11370
847,2016-04-06,11405
848,2016-04-07,11463
849,2016-04-08,11504
850,2016-04-09,11537
851,2016-04-10,11577
852,2016-04-11,11620
853,2016-04-12,11663
854,2016-04-13,11701
855,2016-04-14,11735
856,2016-04-15,11755
857,2016-04-16,11789
858,2016-04-17,11813
859,2016-04-18,11839
860,2016-04-19,11855
861,2016-04-20,11882
862,2016-04-21,11909
863,2016-04-22,11929
864,2016-04-23,11948
865,2016-04-24,11965
866,2016-04-25,11985
867,2016-04-26,12000
868,2016-04-27,12026
869,2016-04-28,12048
870,2016-04-29,12070
871,2016-04-30,12097
872,2016-05-01,12117
873,2016-05-02,12144
874,2016-05-03,12175
875,2016-05-04,12222
876,2016-05-05,12260
877,2016-05-06,12294
878,2016-05-07,12339
879,2016-05-08,12370
880,2016-05-09,12411
881,2016-05-10,12455
882,2016-05-11,12513
883,2016-05-12,12570
884,2016-05-13,12608
885,2016-05-14,12664
886,2016-05-15,12717
887,2016-05-16,12790
888,2016-05-17,12852
889,2016-05-18,12947
890,2016-05-19,13089
891,2016-05-20,13165
892,2016-05-21,13237
893,2016-05-22,13336
894,2016-05-23,13413
895,2016-05-24,13541
896,2016-05-25,13698
897,2016-05-26,13797
898,2016-05-27,13894
899,2016-05-28,13981
900,2016-05-29,14054
901,2016-05-30,14141
902,2016-05-31,14270
903,2016-06-01,14362
904,2016-06-02,14446
905,2016-06-03,14510
906,2016-06-04,14547
907,2016-06-05,14593
908,2016-06-06,14656
909,2016-06-07,14732
910,2016-06-08,14809
911,2016-06-09,14868
912,2016-06-10,14905
913,2016-06-11,14961
914,2016-06-12,15029
915,2016-06-13,15119
916,2016-06-14,15240
917,2016-06-15,15340
918,2016-06-16,15450
919,2016-06-17,15871
920,2016-06-18,16264
921,2016-06-19,16530
922,2016-06-20,16700
923,2016-06-21,16904
924,2016-06-22,17058
925,2016-06-23,17158
926,2016-06-24,17224
927,2016-06-25,17279
928,2016-06-26,17335
929,2016-06-27,17390
930,2016-06-28,17446
931,2016-06-29,17515
932,2016-06-30,17575
933,2016-07-01,17635
934,2016-07-02,17695
935,2016-07-03,17755
936,2016-07-04,17815
937,2016-07-05,17875
938,2016-07-06,17941
939,2016-07-07,17956
940,2016-07-08,17983
941,2016-07-09,18023
942,2016-07-10,18050
943,2016-07-11,18077
944,2016-07-12,18112
945,2016-07-13,18152
946,2016-07-14,18187
947,2016-07-15,18242
948,2016-07-16,18271
949,2016-07-17,18292
950,2016-07-18,18316
951,2016-07-19,18379
952,2016-07-20,18442
953,2016-07-21,18623
954,2016-07-22,18729
955,2016-07-23,18785
956,2016-07-24,18878
957,2016-07-25,18960
958,2016-07-26,19096
959,2016-07-27,19192
960,2016-07-28,19262
961,2016-07-29,19316
962,2016-07-30,19377
963,2016-07-31,19452
964,2016-08-01,19508
965,2016-08-02,19620
966,2016-08-03,19717
967,2016-08-04,19757
968,2016-08-05,19810
969,2016-08-06,19858
970,2016-08-07,19906
971,2016-08-08,19953
972,2016-08-09,20009
973,2016-08-10,20114
974,2016-08-11,20160
975,2016-08-12,20196
976,2016-08-13,20241
977,2016-08-14,20268
978,2016-08-15,20300
979,2016-08-16,20331
980,2016-08-17,20373
981,2016-08-18,20409
982,2016-08-19,20438
983,2016-08-20,20453
984,2016-08-21,20474
985,2016-08-22,20500
986,2016-08-23,20522
987,2016-08-24,20550
988,2016-08-25,20580
989,2016-08-26,20599
990,2016-08-27,20629
991,2016-08-28,20661
992,2016-08-29,20691
993,2016-08-30,20714
994,2016-08-31,20765
995,2016-09-01,20783
996,2016-09-02,20802
997,2016-09-03,20814
998,2016-09-04,20829
999,2016-09-05,20850
1000,2016-09-06,20869
1001,2016-09-07,20895
1002,2016-09-08,20910
1003,2016-09-09,20932
1004,2016-09-10,20953
1005,2016-09-11,20978
1006,2016-09-12,21003
1007,2016-09-13,21031
1008,2016-09-14,21060
1009,2016-09-15,21081
1010,2016-09-16,21110
1011,2016-09-17,21138
1012,2016-09-18,21183
1013,2016-09-19,21232
1014,2016-09-20,21313
1015,2016-09-21,21373
1016,2016-09-22,21401
1017,2016-09-23,21447
1018,2016-09-24,21469
1019,2016-09-25,21508
1020,2016-09-26,21571
1021,2016-09-27,21617
1022,2016-09-28,21659
1023,2016-09-29,21688
1024,2016-09-30,21706
1025,2016-10-01,21735
1026,2016-10-02,21775
1027,2016-10-03,21821
1028,2016-10-04,21866
1029,2016-10-05,21906
1030,2016-10-06,21944
1031,2016-10-07,21960
1032,2016-10-08,21978
1033,2016-10-09,22007
1034,2016-10-10,22043
1035,2016-10-11,22079
1036,2016-10-12,22119
1037,2016-10-13,22151
1038,2016-10-14,22182
1039,2016-10-15,22221
1040,2016-10-16,22261
1041,2016-10-17,22295
1042,2016-10-18,22329
1043,2016-10-19,22363
1044,2016-10-20,22397
1045,2016-10-21,22431
1046,2016-10-22,22465
1047,2016-10-23,22499
1048,2016-10-24,22536
1049,2016-10-25,22566
1050,2016-10-26,22596
1051,2016-10-27,22626
1052,2016-10-28,22656
1053,2016-10-29,22686
1054,2016-10-30,22716
1055,2016-10-31,22746
1056,2016-11-01,22776
1057,2016-11-02,22806
1058,2016-11-03,22836
1059,2016-11-04,22866
1060,2016-11-05,22896
1061,2016-11-06,22926
1062,2016-11-07,22957
1063,2016-11-08,22983
1064,2016-11-09,23009
1065,2016-11-10,23037
1066,2016-11-11,23076
1067,2016-11-12,23100
1068,2016-11-13,23124
1069,2016-11-14,23157
1070,2016-11-15,23190
1071,2016-11-16,23229
1072,2016-11-17,23255
1073,2016-11-18,23288
1074,2016-11-19,23303
1075,2016-11-20,23318
1076,2016-11-21,23361
1077,2016-11-22,23404
1078,2016-11-23,23436
1079,2016-11-24,23468
1080,2016-11-25,23489
1081,2016-11-26,23510
1082,2016-11-27,23531
1083,2016-11-28,23572
1084,2016-11-29,23613
1085,2016-11-30,23648
1086,2016-12-01,23673
1087,2016-12-02,23698
1088,2016-12-03,23723
1089,2016-12-04,23749
1090,2016-12-05,23779
1091,2016-12-06,23807
1092,2016-12-07,23835
1093,2016-12-08,23863
1094,2016-12-09,23891
1095,2016-12-10,23919
1096,2016-12-11,23947
1097,2016-12-12,23975
1098,2016-12-13,24003
1099,2016-12-14,24031
1100,2016-12-15,24059
1101,2016-12-16,24087
1102,2016-12-17,24115
1103,2016-12-18,24143
1104,2016-12-19,24171
1105,2016-12-20,24199
1106,2016-12-21,24227
1107,2016-12-22,24255
1108,2016-12-23,24283
1109,2016-12-24,24311
1110,2016-12-25,24339
1111,2016-12-26,24367
1112,2016-12-27,24395
1113,2016-12-28,24423
1114,2016-12-29,24451
1115,2016-12-30,24497
1116,2016-12-31,24513
1117,2017-01-01,24552
1118,2017-01-02,24627
1119,2017-01-03,24724
1120,2017-01-04,24831
1121,2017-01-05,24924
1122,2017-01-06,24990
1123,2017-01-07,25062
1124,2017-01-08,25119
1125,2017-01-09,25176
1126,2017-01-10,25221
1127,2017-01-11,25263
1128,2017-01-12,25303
1129,2017-01-13,25332
1130,2017-01-14,25364
1131,2017-01-15,25392
1132,2017-01-16,25415
1133,2017-01-17,25446
1134,2017-01-18,25480
1135,2017-01-19,25520
1136,2017-01-20,25554
1137,2017-01-21,25580
1138,2017-01-22,25599
1139,2017-01-23,25639
1140,2017-01-24,25670
1141,2017-01-25,25701
1142,2017-01-26,25732
1143,2017-01-27,25766
1144,2017-01-28,25790
1145,2017-01-29,25808
1146,2017-01-30,25829
1147,2017-01-31,25864
1148,2017-02-01,25901
1149,2017-02-02,25934
1150,2017-02-03,25972
1151,2017-02-04,26001
1152,2017-02-05,26050
1153,2017-02-06,26082
1154,2017-02-07,26124
1155,2017-02-08,26172
1156,2017-02-09,26199
1157,2017-02-10,26244
1158,2017-02-11,26272
1159,2017-02-12,26299
1160,2017-02-13,26340
1161,2017-02-14,26404
1162,2017-02-15,26454
1163,2017-02-16,26494
1164,2017-02-17,26526
1165,2017-02-18,26558
1166,2017-02-19,26587
1167,2017-02-20,26627
1168,2017-02-21,26664
1169,2017-02-22,26708
1170,2017-02-23,26755
1171,2017-02-24,26795
1172,2017-02-25,26831
1173,2017-02-26,26911
1174,2017-02-27,27022
1175,2017-02-28,27149
1176,2017-03-01,27283
1177,2017-03-02,27458
1178,2017-03-03,27595
1179,2017-03-04,27684
1180,2017-03-05,27771
1181,2017-03-06,27854
1182,2017-03-07,27939
1183,2017-03-08,28017
1184,2017-03-09,28076
1185,2017-03-10,28133
1186,2017-03-11,28215
1187,2017-03-11,28355
1188,2017-03-12,28512
1189,2017-03-13,28669
1190,2017-03-14,28841
1191,2017-03-15,29144
1192,2017-03-16,29581
1193,2017-03-17,29950
1194,2017-03-18,30266
1195,2017-03-19,30452
1196,2017-03-20,30656
1197,2017-03-21,30805
1198,2017-03-22,30947
1199,2017-03-23,31096
1200,2017-03-24,31333
1201,2017-03-25,31526
1202,2017-03-26,31652
1203,2017-03-27,31930
1204,2017-03-28,32122
1205,2017-03-29,32301
1206,2017-03-30,32480
1207,2017-03-31,32604
1208,2017-04-01,32701
1209,2017-04-02,32822
1210,2017-04-03,32990
1211,2017-04-04,33122
1212,2017-04-05,33246
1213,2017-04-06,33368
1214,2017-04-07,33453
1215,2017-04-08,33535
1216,2017-04-09,33627
1217,2017-04-10,33715
1218,2017-04-11,33800
1219,2017-04-12,33907
1220,2017-04-13,34046
1221,2017-04-14,34127
1222,2017-04-15,34210
1223,2017-04-16,34305
1224,2017-04-17,34413
1225,2017-04-18,34518
1226,2017-04-19,34621
1227,2017-04-20,34730
1228,2017-04-21,34837
1229,2017-04-22,34911
1230,2017-04-23,35004
1231,2017-04-24,35178
1232,2017-04-25,35308
1233,2017-04-26,35450
1234,2017-04-27,35694
1235,2017-04-28,35965
1236,2017-04-29,36180
1237,2017-04-30,36531
1238,2017-05-01,36952
1239,2017-05-02,37259
1240,2017-05-03,37553
1241,2017-05-04,37959
1242,2017-05-05,38297
1243,2017-05-06,38565
1244,2017-05-07,38842
1245,2017-05-08,39154
1246,2017-05-09,39472
1247,2017-05-10,39721
1248,2017-05-11,40000
1249,2017-05-12,40260
1250,2017-05-13,40441
1251,2017-05-14,40676
1252,2017-05-15,40936
1253,2017-05-16,41189
1254,2017-05-17,41402
1255,2017-05-18,41713
1256,2017-05-19,42250
1257,2017-05-20,42695
1258,2017-05-21,43638
1259,2017-05-22,45362
1260,2017-05-23,46751
1261,2017-05-24,47878
1262,2017-05-25,48965
1263,2017-05-26,49734
1264,2017-05-27,50389
1265,2017-05-28,50941
1266,2017-05-29,51619
1267,2017-05-30,52587
1268,2017-05-31,53672
1269,2017-06-01,54463
1270,2017-06-02,55143
1271,2017-06-03,55760
1272,2017-06-04,56446
1273,2017-06-05,57374
1274,2017-06-06,58389
1275,2017-06-07,59343
1276,2017-06-08,60252
1277,2017-06-09,60972
1278,2017-06-10,62228
1279,2017-06-11,63778
1280,2017-06-12,66035
1281,2017-06-13,67644
1282,2017-06-14,69063
1283,2017-06-15,70294
1284,2017-06-16,71171
1285,2017-06-17,71856
1286,2017-06-18,72675
1287,2017-06-19,73371
1288,2017-06-20,74210
1289,2017-06-21,75506
1290,2017-06-22,76519
1291,2017-06-23,77273
1292,2017-06-24,78002
1293,2017-06-25,78915
1294,2017-06-26,80068
1295,2017-06-27,80940
1296,2017-06-28,81630
1297,2017-06-29,82311
1298,2017-06-30,82753
1299,2017-07-01,83197
1300,2017-07-02,83724
1301,2017-07-03,84160
1302,2017-07-04,84727
1303,2017-07-05,85300
1304,2017-07-06,85785
1305,2017-07-07,86254
1306,2017-07-08,86700
1307,2017-07-09,87228
1308,2017-07-10,87941
1309,2017-07-11,88668
1310,2017-07-12,89143
1311,2017-07-13,89660
1312,2017-07-14,90177
1313,2017-07-15,90694
1314,2017-07-16,91211
1315,2017-07-17,91728
1316,2017-07-18,92246
1317,2017-07-19,92741
1318,2017-07-20,93198
1319,2017-07-21,93599
1320,2017-07-22,93920
1321,2017-07-23,94286
1322,2017-07-24,94718
1323,2017-07-25,95112
1324,2017-07-26,95501
1325,2017-07-27,95870
1326,2017-07-28,96190
1327,2017-07-29,96559
1328,2017-07-30,96930
1329,2017-07-31,97194
1330,2017-08-01,97618
1331,2017-08-02,98010
1332,2017-08-03,98307
1333,2017-08-04,98617
1334,2017-08-05,99000
1335,2017-08-06,99545
1336,2017-08-07,100025
1337,2017-08-08,100717
1338,2017-08-09,101310
1339,2017-08-10,101845
1340,2017-08-11,102395
1341,2017-08-12,102975
1342,2017-08-13,103634
1343,2017-08-14,104316
1344,2017-08-15,104958
1345,2017-08-16,105499
1346,2017-08-17,106039
1347,2017-08-18,106503
1348,2017-08-19,106938
1349,2017-08-20,107472
1350,2017-08-21,108153
1351,2017-08-22,108715
1352,2017-08-23,109318
1353,2017-08-24,109880
1354,2017-08-25,110356
1355,2017-08-26,110793
1356,2017-08-27,111357
1357,2017-08-28,111895
1358,2017-08-29,112614
1359,2017-08-30,113367
1360,2017-08-31,114005
1361,2017-09-01,114612
1362,2017-09-02,115313
1363,2017-09-03,115891
1364,2017-09-04,116704
1365,2017-09-05,117347
1366,2017-09-06,117888
1367,2017-09-07,118392
1368,2017-09-08,118857
1369,2017-09-09,119275
1370,2017-09-10,119706
1371,2017-09-11,120167
1372,2017-09-12,120571
1373,2017-09-13,121058
1374,2017-09-14,121545
1375,2017-09-15,121927
1376,2017-09-16,122227
1377,2017-09-17,122627
1378,2017-09-18,123151
1379,2017-09-19,123623
1380,2017-09-20,124002
1381,2017-09-21,124336
1382,2017-09-22,124620
1383,2017-09-23,124885
1384,2017-09-24,125174
1385,2017-09-25,125485
1386,2017-09-26,125812
1387,2017-09-27,126186
1388,2017-09-28,126471
1389,2017-09-29,126756
1390,2017-09-30,126994
1391,2017-10-01,127285
1392,2017-10-02,127569
1393,2017-10-03,127884
1394,2017-10-04,128144
1395,2017-10-05,128440
1396,2017-10-06,128742
1397,2017-10-07,129044
1398,2017-10-08,129426
1399,2017-10-09,129809
1400,2017-10-10,130112
1401,2017-10-11,130416
1402,2017-10-12,130852
1403,2017-10-13,131288
1404,2017-10-14,131710
1405,2017-10-15,132212
1406,2017-10-16,132782
1407,2017-10-17,133297
1408,2017-10-18,133788
1409,2017-10-19,134188
1410,2017-10-20,134583
1411,2017-10-21,134978
1412,2017-10-22,135374
1413,2017-10-23,135950
1414,2017-10-24,136611
1415,2017-10-25,137155
1416,2017-10-26,137644
1417,2017-10-27,138073
1418,2017-10-28,138464
1419,2017-10-29,138940
1420,2017-10-30,139352
1421,2017-10-31,139790
1422,2017-11-01,140394
1423,2017-11-02,141054
1424,2017-11-03,141747
1425,2017-11-04,142413
1426,2017-11-05,143079
1427,2017-11-06,143747
1428,2017-11-07,144494
1429,2017-11-08,145241
1430,2017-11-09,145988
1431,2017-11-10,146735
1432,2017-11-11,147482
1433,2017-11-12,148231
1434,2017-11-13,148965
1435,2017-11-14,149774
1436,2017-11-15,150590
1437,2017-11-16,151266
1438,2017-11-17,151865
1439,2017-11-18,152579
1440,2017-11-19,153500
1441,2017-11-20,154418
1442,2017-11-21,155273
1443,2017-11-22,156124
1444,2017-11-23,157522
1445,2017-11-24,158864
1446,2017-11-25,160043
1447,2017-11-26,161443
1448,2017-11-27,162848
1449,2017-11-28,164603
1450,2017-11-29,166867
1451,2017-11-30,168724
1452,2017-12-01,170290
1453,2017-12-02,171719
1454,2017-12-03,173296
1455,2017-12-04,174979
1456,2017-12-05,176862
1457,2017-12-06,179055
1458,2017-12-07,181462
1459,2017-12-08,183558
1460,2017-12-09,185512
1461,2017-12-10,187518
1462,2017-12-11,189923
1463,2017-12-12,193430
1464,2017-12-13,196925
1465,2017-12-14,199789
1466,2017-12-15,202089
1467,2017-12-16,203993
1468,2017-12-17,206188
1469,2017-12-18,208657
1470,2017-12-19,211599
1471,2017-12-20,214335
1472,2017-12-21,216759
1473,2017-12-22,219080
1474,2017-12-23,221416
1475,2017-12-24,223501
1476,2017-12-25,225569
1477,2017-12-26,227723
1478,2017-12-27,229925
1479,2017-12-28,231992
1480,2017-12-29,234075
1481,2017-12-30,236043
1482,2017-12-31,237625
1483,2018-01-01,239703
1484,2018-01-02,242276
1485,2018-01-03,244995
1486,2018-01-04,247751
1487,2018-01-05,250367
1488,2018-01-06,252908
1489,2018-01-07,256202
1490,2018-01-08,259561
1491,2018-01-09,263280
1492,2018-01-10,266646
1493,2018-01-11,269357
1494,2018-01-12,271496
1495,2018-01-13,273908
1496,2018-01-14,276464
1497,2018-01-15,278807
1498,2018-01-16,281391
1499,2018-01-17,284034
1500,2018-01-18,286193
1501,2018-01-19,287995
1502,2018-01-20,289599
1503,2018-01-21,291343
1504,2018-01-22,292929
1505,2018-01-23,294416
1506,2018-01-24,295903
1507,2018-01-25,297269
1508,2018-01-26,298388
1509,2018-01-27,300111
1510,2018-01-28,303384
1511,2018-01-29,305266
1512,2018-01-30,306811
1513,2018-01-31,308327
1514,2018-02-01,309876
1515,2018-02-02,311194
1516,2018-02-03,312310
1517,2018-02-04,313446
1518,2018-02-05,314594
1519,2018-02-06,315752
1520,2018-02-07,316756
1521,2018-02-08,318517
1522,2018-02-09,319583
1523,2018-02-10,320469
1524,2018-02-11,321365
1525,2018-02-12,322218
1526,2018-02-13,323124
1527,2018-02-14,323898
1528,2018-02-15,324732
1529,2018-02-16,325467
1530,2018-02-17,326233
1531,2018-02-18,327035
1532,2018-02-19,327879
1533,2018-02-20,328697
1534,2018-02-21,329453
1535,2018-02-22,330081
1536,2018-02-23,330631
1537,2018-02-24,331181
1538,2018-02-25,331731
1539,2018-02-26,332281
1540,2018-02-27,332831
1541,2018-02-28,333381
1542,2018-03-01,333931
1543,2018-03-02,334481
1544,2018-03-03,335034
1545,2018-03-04,335629
1546,2018-03-05,335911
1547,2018-03-06,336193
1548,2018-03-07,336475
1549,2018-03-08,336757
1550,2018-03-09,337039
1551,2018-03-10,337321
1552,2018-03-11,337603
1553,2018-03-12,337885
1554,2018-03-13,338167
1555,2018-03-14,338449
1556,2018-03-15,338731
1557,2018-03-16,339013
1558,2018-03-17,339295
1559,2018-03-18,339577
1560,2018-03-19,339859
1561,2018-03-20,340141
1562,2018-03-21,340423
1563,2018-03-22,340705
1564,2018-03-23,340987
1565,2018-03-24,341269
1566,2018-03-25,341551
1567,2018-03-26,341833
1568,2018-03-27,342115
1569,2018-03-28,342397
1570,2018-03-29,342679
1571,2018-03-30,342961
1572,2018-03-31,343243
1573,2018-04-01,343525
1574,2018-04-02,343807
1575,2018-04-03,344089
1576,2018-04-04,344371
1577,2018-04-05,344653
1578,2018-04-06,344935
1579,2018-04-07,345217
1580,2018-04-08,345499
1581,2018-04-09,345781
1582,2018-04-10,346063
1583,2018-04-11,346345
1584,2018-04-12,346627
1585,2018-04-13,346909
1586,2018-04-14,347191
1587,2018-04-15,347473
1588,2018-04-16,347755
1589,2018-04-17,348037
1590,2018-04-18,348319
1591,2018-04-19,348601
1592,2018-04-20,348883
1593,2018-04-21,349165
1594,2018-04-22,349447
1595,2018-04-23,349729
1596,2018-04-24,350011
1597,2018-04-25,350293
1598,2018-04-26,350575
1599,2018-04-27,350857
1600,2018-04-28,351139
1601,2018-04-29,351421
1602,2018-04-30,351703
1603,2018-05-01,351985
1604,2018-05-02,352267
1605,2018-05-03,352549
1606,2018-05-04,352831
1607,2018-05-05,353113
1608,2018-05-06,353395
1609,2018-05-07,353677
1610,2018-05-08,353959
1611,2018-05-09,354241
1612,2018-05-10,354523
1613,2018-05-11,354805
1614,2018-05-12,355087
1615,2018-05-13,355369
1616,2018-05-14,355651
1617,2018-05-15,355933
1618,2018-05-16,356215
1619,2018-05-17,356497
1620,2018-05-18,356779
1621,2018-05-19,357061
1622,2018-05-20,357343
1623,2018-05-21,357625
1624,2018-05-22,357907
1625,2018-05-23,358189
1626,2018-05-24,358471
1627,2018-05-25,358753
1628,2018-05-26,359035
1629,2018-05-27,359317
1630,2018-05-28,359599
1631,2018-05-29,359881
1632,2018-05-30,360163
1633,2018-05-31,360445
1634,2018-06-01,360727
1635,2018-06-02,361009
1636,2018-06-03,361291
1637,2018-06-04,361573
1638,2018-06-05,361855
1639,2018-06-06,362137
1640,2018-06-07,362419
1641,2018-06-08,362701
1642,2018-06-09,362983
1643,2018-06-10,363265
1644,2018-06-11,363547
1645,2018-06-12,363829
1646,2018-06-13,364111
1647,2018-06-14,364393
1648,2018-06-15,364675
1649,2018-06-16,364957
1650,2018-06-17,365239
1651,2018-06-18,365521
1652,2018-06-19,365803
1653,2018-06-20,366085
1654,2018-06-21,366367
1655,2018-06-22,366649
1656,2018-06-23,366931
1657,2018-06-24,367213
1658,2018-06-25,367495
1659,2018-06-26,367777
1660,2018-06-27,368059
1661,2018-06-28,368341
1662,2018-06-29,368623
1663,2018-06-30,368905
1664,2018-07-01,369187
1665,2018-07-02,369469
1666,2018-07-03,369751
1667,2018-07-04,370033
1668,2018-07-05,370315
1669,2018-07-06,370597
1670,2018-07-07,370879
1671,2018-07-08,371161
1672,2018-07-09,371443
1673,2018-07-10,371725
1674,2018-07-11,372007
1675,2018-07-12,372289
1676,2018-07-13,372571
1677,2018-07-14,372853
1678,2018-07-15,373135
1679,2018-07-16,373417
1680,2018-07-17,373699
1681,2018-07-18,373981
1682,2018-07-19,374263
1683,2018-07-20,374545
1684,2018-07-21,374827
1685,2018-07-22,375109
1686,2018-07-23,375391
1687,2018-07-24,375673
1688,2018-07-25,375955
1689,2018-07-26,376237
1690,2018-07-27,376519
1691,2018-07-28,376801
1692,2018-07-29,377083
1693,2018-07-30,377365
1694,2018-07-31,377647
1695,2018-08-01,377929
1696,2018-08-02,378211
1697,2018-08-03,378493
1698,2018-08-04,378775
1699,2018-08-05,379057
1700,2018-08-06,379339
1701,2018-08-07,379621
1702,2018-08-08,379903
1703,2018-08-09,380185
1704,2018-08-10,380467
1705,2018-08-11,380749
1706,2018-08-12,381031
1707,2018-08-13,381313
1708,2018-08-14,381595
1709,2018-08-15,381877
1710,2018-08-16,382159
1711,2018-08-17,382441
1712,2018-08-18,382723
1713,2018-08-19,383005
1714,2018-08-20,383287
1715,2018-08-21,383569
1716,2018-08-22,383851
1717,2018-08-23,384133
1718,2018-08-24,384415
1719,2018-08-25,384697
1720,2018-08-26,384979
1721,2018-08-27,385261
1722,2018-08-28,385543
1723,2018-08-29,385825
1724,2018-08-30,386107
1725,2018-08-31,386389
1726,2018-09-01,386671
1727,2018-09-02,386953
1728,2018-09-03,387235
1729,2018-09-04,387517
1730,2018-09-05,387799
1731,2018-09-06,388081
1732,2018-09-07,388363
1733,2018-09-08,388645
1734,2018-09-09,388927
1735,2018-09-10,389209
1736,2018-09-11,389491
1737,2018-09-12,389773
1738,2018-09-13,390055
1739,2018-09-14,390337
1740,2018-09-15,390619
1741,2018-09-16,390901
1742,2018-09-17,391183
1743,2018-09-18,391465
1744,2018-09-19,391747
1745,2018-09-20,392029
1746,2018-09-21,392311
1747,2018-09-22,392593
1748,2018-09-23,392875
1749,2018-09-24,393157
1750,2018-09-25,393439
1751,2018-09-26,393721
1752,2018-09-27,394003
1753,2018-09-28,394285
1754,2018-09-29,394567
1755,2018-09-30,394849
1756,2018-10-01,395131
1757,2018-10-02,395413
1758,2018-10-03,395695
1759,2018-10-04,395977
1760,2018-10-05,396259
1761,2018-10-06,396541
1762,2018-10-07,396823
1763,2018-10-08,397105
1764,2018-10-09,397387
1765,2018-10-10,397669
1766,2018-10-11,397951
1767,2018-10-12,398233
1768,2018-10-13,398515
1769,2018-10-14,398797
1770,2018-10-15,399079
1771,2018-10-16,399361
1772,2018-10-17,399643
1773,2018-10-18,399925
1774,2018-10-19,400207
1775,2018-10-20,400489
1776,2018-10-21,400771
1777,2018-10-22,401053
1778,2018-10-23,401335
1779,2018-10-24,401617
1780,2018-10-25,401899
1781,2018-10-26,402181
1782,2018-10-27,402463
1783,2018-10-28,402745
1784,2018-10-29,403027
1785,2018-10-30,403309
1786,2018-10-31,403591
1787,2018-11-01,403873
1788,2018-11-02,404155
1789,2018-11-03,404437
1790,2018-11-04,404719
1791,2018-11-05,405001
1792,2018-11-06,405283
1793,2018-11-07,405565
1794,2018-11-08,405847
1795,2018-11-09,406129
1796,2018-11-10,406411
1797,2018-11-11,406693
1798,2018-11-12,406975
1799,2018-11-13,407257
1800,2018-11-14,407539
1801,2018-11-15,407821
1802,2018-11-16,408103
1803,2018-11-17,408385
1804,2018-11-18,408667
1805,2018-11-19,408949
1806,2018-11-20,409231
1807,2018-11-21,409513
1808,2018-11-22,409795
1809,2018-11-23,410077
1810,2018-11-24,410359
1811,2018-11-25,410641
1812,2018-11-26,410923
1813,2018-11-27,411205
1814,2018-11-28,411487
1815,2018-11-29,411769
1816,2018-11-30,412051
1817,2018-12-01,412333
1818,2018-12-02,412615
1819,2018-12-03,412897
1820,2018-12-04,413179
1821,2018-12-05,413461
1822,2018-12-06,413743
1823,2018-12-07,414025
1824,2018-12-08,414307
1825,2018-12-09,414589
1826,2018-12-10,414871
1827,2018-12-11,415153
1828,2018-12-12,415435
1829,2018-12-13,415717
1830,2018-12-14,415999
1831,2018-12-15,416281
1832,2018-12-16,416563
1833,2018-12-17,416845
1834,2018-12-18,417127
1835,2018-12-19,417409
1836,2018-12-20,417691
1837,2018-12-21,417973
1838,2018-12-22,418255
1839,2018-12-23,418537
1840,2018-12-24,418819
1841,2018-12-25,419101
1842,2018-12-26,419383
1843,2018-12-27,419665
1844,2018-12-28,419947
1845,2018-12-29,420229
1846,2018-12-30,420511
1847,2018-12-31,420793
1848,2019-01-01,421075
1849,2019-01-02,421357
1850,2019-01-03,421639
1851,2019-01-04,421921
1852,2019-01-05,422203
1853,2019-01-06,422485
1854,2019-01-07,422767
1855,2019-01-08,423049
1856,2019-01-09,423331
1857,2019-01-10,423613
1858,2019-01-11,423895
1859,2019-01-12,424177
1860,2019-01-13,424459
1861,2019-01-14,425045
1862,2019-01-15,425211
1863,2019-01-16,425377
1864,2019-01-17,425544
1865,2019-01-18,425634
1866,2019-01-19,425724
1867,2019-01-20,425814
1868,2019-01-21,425904
1869,2019-01-22,425994
1870,2019-01-23,426084
1871,2019-01-24,426174
1872,2019-01-25,426264
1873,2019-01-26,426354
1874,2019-01-27,426444
1875,2019-01-28,426534
1876,2019-01-29,426624
1877,2019-01-30,426714
1878,2019-01-31,426804
1879,2019-02-01,426894
1880,2019-02-02,426984
1881,2019-02-03,427074
1882,2019-02-04,427164
1883,2019-02-05,427254
1884,2019-02-06,427344
1885,2019-02-07,427434
1886,2019-02-08,427524
1887,2019-02-09,427614
1888,2019-02-10,427704
1889,2019-02-11,427794
1890,2019-02-12,427884
1891,2019-02-13,427974
1892,2019-02-14,428064
1893,2019-02-15,428154
1894,2019-02-16,428244
1895,2019-02-17,428334
1896,2019-02-18,428424
1897,2019-02-19,428514
1898,2019-02-20,428604
1899,2019-02-21,428694
1900,2019-02-22,428784
1901,2019-02-23,428874
1902,2019-02-24,428964
1903,2019-02-25,429054
1904,2019-02-26,429144
1905,2019-02-27,429234
1906,2019-02-28,429324
1907,2019-03-01,429414
1908,2019-03-02,429504
1909,2019-03-03,429594
1910,2019-03-04,429684
1911,2019-03-05,429774
1912,2019-03-06,429864
1913,2019-03-07,429954
1914,2019-03-08,430044
1915,2019-03-09,430134
1916,2019-03-10,430224
1917,2019-03-11,430314
1918,2019-03-12,430404
1919,2019-03-13,430494
1920,2019-03-14,430584
1921,2019-03-15,430674
1922,2019-03-16,430764
1923,2019-03-17,430854
1924,2019-03-18,430944
1925,2019-03-19,431034
1926,2019-03-20,431124
1927,2019-03-21,431214
1928,2019-03-22,431304
1929,2019-03-23,431394
1930,2019-03-24,431484
1931,2019-03-25,431574
1932,2019-03-26,431664
1933,2019-03-27,431754
1934,2019-03-28,431844
1935,2019-03-29,431934
1936,2019-03-30,432024
1937,2019-03-31,432114
1938,2019-04-01,432204
1939,2019-04-02,432294
1940,2019-04-03,432384
1941,2019-04-04,432474
1942,2019-04-05,432564
1943,2019-04-06,432654
1944,2019-04-07,432744
1945,2019-04-08,432834
1946,2019-04-09,432924
1947,2019-04-10,433014
1948,2019-04-11,433104
1949,2019-04-12,433194
1950,2019-04-13,433284
1951,2019-04-14,433374
1952,2019-04-15,433464
1953,2019-04-16,433554
1954,2019-04-17,433644
1955,2019-04-18,433734
1956,2019-04-19,433824
1957,2019-04-20,433914
1958,2019-04-21,434004
1959,2019-04-22,434094
1960,2019-04-23,434184
1961,2019-04-24,434274
1962,2019-04-25,434364
1963,2019-04-26,434454
1964,2019-04-27,434544
1965,2019-04-28,434634
1966,2019-04-29,434724
1967,2019-04-30,434814
1968,2019-05-01,434904
1969,2019-05-02,434994
1970,2019-05-03,435084
1971,2019-05-04,435174
1972,2019-05-05,435264
1973,2019-05-06,435354
1974,2019-05-07,435444
1975,2019-05-08,435534
1976,2019-05-09,435624
1977,2019-05-10,435714
1978,2019-05-11,435804
1979,2019-05-12,435894
1980,2019-05-13,435984
1981,2019-05-14,436074
1982,2019-05-15,436164
1983,2019-05-16,436254
1984,2019-05-17,436344
1985,2019-05-18,436434
1986,2019-05-19,436524
1987,2019-05-20,436614
1988,2019-05-21,436704
1989,2019-05-22,436794
1990,2019-05-23,436884
1991,2019-05-24,436974
1992,2019-05-25,437064
1993,2019-05-26,437154
1994,2019-05-27,437244
1995,2019-05-28,437334
1996,2019-05-29,437424
1997,2019-05-30,437514
1998,2019-05-31,437604
1999,2019-06-01,437694
2000,2019-06-02,437784
2001,2019-06-03,437874
2002,2019-06-04,437964
2003,2019-06-05,438054
2004,2019-06-06,438144
2005,2019-06-07,438234
2006,2019-06-08,438324
2007,2019-06-09,438414
2008,2019-06-10,438504
2009,2019-06-11,438594
2010,2019-06-12,438705
2011,2019-06-13,438826
2012,2019-06-14,438947
2013,2019-06-15,439068
2014,2019-06-16,439189
2015,2019-06-17,439310
2016,2019-06-18,439431
2017,2019-06-19,439552
2018,2019-06-20,439673
2019,2019-06-21,439794
2020,2019-06-22,439915
2021,2019-06-23,440036
2022,2019-06-24,440157
2023,2019-06-25,440278
2024,2019-06-26,440399
2025,2019-06-27,440520
2026,2019-06-28,440641
2027,2019-06-29,440762
2028,2019-06-30,440883
2029,2019-07-01,441004
2030,2019-07-02,441125
2031,2019-07-03,441246
2032,2019-07-04,441367
2033,2019-07-05,441488
2034,2019-07-06,441609
2035,2019-07-07,441730
2036,2019-07-08,441851
2037,2019-07-09,441972
2038,2019-07-10,442093
2039,2019-07-11,442226
2040,2019-07-12,442295
2041,2019-07-13,442342
2042,2019-07-14,442434
2043,2019-07-15,442571
2044,2019-07-16,442665
2045,2019-07-17,442761
2046,2019-07-18,442828
2047,2019-07-19,442934
2048,2019-07-20,443032
2049,2019-07-21,443081
2050,2019-07-22,443207
2051,2019-07-23,443299
2052,2019-07-24,443375
2053,2019-07-25,443457
2054,2019-07-26,443548
2055,2019-07-27,443613
2056,2019-07-28,443662
2057,2019-07-29,443732
2058,2019-07-30,443806
2059,2019-07-31,443892
2060,2019-08-01,443937
2061,2019-08-02,443998
2062,2019-08-03,444030
2063,2019-08-04,444076
2064,2019-08-05,444186
2065,2019-08-06,444232
2066,2019-08-07,444318
2067,2019-08-08,444357
2068,2019-08-09,444375
2069,2019-08-10,444395
2070,2019-08-11,444415
2071,2019-08-12,444485
2072,2019-08-13,444566
2073,2019-08-14,444632
2074,2019-08-15,444668
2075,2019-08-16,444687
2076,2019-08-17,444718
2077,2019-08-18,444744
2078,2019-08-19,444773
2079,2019-08-20,444844
2080,2019-08-21,444868
2081,2019-08-22,444913
2082,2019-08-23,444941
2083,2019-08-24,444987
2084,2019-08-25,445014
2085,2019-08-26,445051
2086,2019-08-27,445081
2087,2019-08-28,445132
2088,2019-08-29,445166
2089,2019-08-30,445178
2090,2019-08-31,445191
2091,2019-09-01,445218
2092,2019-09-02,445251
2093,2019-09-03,445267
2094,2019-09-04,445306
2095,2019-09-05,445350
2096,2019-09-06,445367
2097,2019-09-07,445371
2098,2019-09-08,445366
2099,2019-09-09,445401
2100,2019-09-10,445401
2101,2019-09-11,445471
2102,2019-09-12,445533
2103,2019-09-13,445568
2104,2019-09-14,445623
2105,2019-09-15,445689
2106,2019-09-16,445749
2107,2019-09-17,445811
2108,2019-09-18,445857
2109,2019-09-19,445928
2110,2019-09-20,445949
2111,2019-09-21,445979
2112,2019-09-22,445995
2113,2019-09-23,446024
2114,2019-09-24,446083
2115,2019-09-25,446129
2116,2019-09-26,446167
2117,2019-09-27,446215
2118,2019-09-28,446234
2119,2019-09-29,446270
2120,2019-09-30,446278
2121,2019-10-01,446313
2122,2019-10-02,446372
2123,2019-10-03,446408
2124,2019-10-04,446396
2125,2019-10-05,446390
2126,2019-10-06,446382
2127,2019-10-07,446410
2128,2019-10-08,446473
2129,2019-10-09,446505
2130,2019-10-10,446531
2131,2019-10-11,446553
2132,2019-10-12,446580
2133,2019-10-13,446616
2134,2019-10-14,446630
2135,2019-10-15,446665
2136,2019-10-16,446710
2137,2019-10-17,446731
2138,2019-10-18,446741
2139,2019-10-19,446752
2140,2019-10-20,446783
2141,2019-10-21,446810
2142,2019-10-22,446856
2143,2019-10-23,446879
2144,2019-10-24,446918
2145,2019-10-25,447084
2146,2019-10-26,447082
2147,2019-10-27,447103
2148,2019-10-28,447128
2149,2019-10-29,447167
2150,2019-10-30,447198
2151,2019-10-31,447230
2152,2019-11-01,447246
2153,2019-11-02,447246
2154,2019-11-03,447264
2155,2019-11-04,447297
2156,2019-11-05,447344
2157,2019-11-06,447365
2158,2019-11-07,447384
2159,2019-11-08,447411
2160,2019-11-09,447418
2161,2019-11-10,447414
2162,2019-11-11,447453
2163,2019-11-12,447490
2164,2019-11-13,447532
2165,2019-11-14,447552
2166,2019-11-15,447616
2167,2019-11-16,447624
2168,2019-11-17,447663
2169,2019-11-18,447687
2170,2019-11-19,447729
2171,2019-11-20,447754
2172,2019-11-21,447780
2173,2019-11-22,447813
2174,2019-11-23,447856
2175,2019-11-24,447892
2176,2019-11-25,447913
2177,2019-11-26,447951
2178,2019-11-27,447969
2179,2019-11-28,448008
2180,2019-11-29,448057
2181,2019-11-30,448093
2182,2019-12-01,448150
2183,2019-12-02,448197
2184,2019-12-03,448230
2185,2019-12-04,448271
2186,2019-12-05,448298
2187,2019-12-06,448319
2188,2019-12-07,448363
2189,2019-12-08,448394
2190,2019-12-09,448390
2191,2019-12-10,448415
2192,2019-12-11,448473
2193,2019-12-12,448512
2194,2019-12-13,448516
2195,2019-12-14,448537
2196,2019-12-15,448556
2197,2019-12-16,448588
2198,2019-12-17,448622
2199,2019-12-18,448644
2200,2019-12-19,448655
2201,2019-12-20,448670
2202,2019-12-21,448703
2203,2019-12-22,448733
2204,2019-12-23,448741
2205,2019-12-24,448737
2206,2019-12-25,448765
2207,2019-12-26,448792
2208,2019-12-27,448840
2209,2019-12-28,448865
2210,2019-12-29,448937
2211,2019-12-30,448966
2212,2019-12-31,448978
2213,2020-01-01,449023
2214,2020-01-02,449070
2215,2020-01-03,449118
2216,2020-01-04,449149
2217,2020-01-05,449204
2218,2020-01-06,449233
2219,2020-01-07,449266
2220,2020-01-08,449302
2221,2020-01-09,449349
2222,2020-01-10,449401
2223,2020-01-11,449426
2224,2020-01-12,449467
2225,2020-01-13,449525
2226,2020-01-14,449599
2227,2020-01-15,449640
2228,2020-01-16,449688
2229,2020-01-17,449781
2230,2020-01-18,449894
2231,2020-01-19,449954
2232,2020-01-20,450021
2233,2020-01-21,450082
2234,2020-01-22,450104
2235,2020-01-23,450168
2236,2020-01-24,450207
2237,2020-01-25,450229
2238,2020-01-26,450263
2239,2020-01-27,450330
2240,2020-01-28,450465
2241,2020-01-29,450540
2242,2020-01-30,450620
2243,2020-01-31,450626
2244,2020-02-01,450708
2245,2020-02-02,450752
2246,2020-02-03,450809
2247,2020-02-04,450858
2248,2020-02-05,450976
2249,2020-02-06,451093
2250,2020-02-07,451202
2251,2020-02-08,451305
2252,2020-02-09,451423
2253,2020-02-10,451547
2254,2020-02-11,451745
2255,2020-02-12,451950
2256,2020-02-13,452068
2257,2020-02-14,452220
2258,2020-02-15,452370
2259,2020-02-16,452470
2260,2020-02-17,452576
2261,2020-02-18,452664
2262,2020-02-19,452807
2263,2020-02-20,452902
2264,2020-02-21,452974
2265,2020-02-22,453076
2266,2020-02-23,453192
2267,2020-02-24,453264
2268,2020-02-25,453371
2269,2020-02-26,453439
2270,2020-02-27,453484
2271,2020-02-28,453539
2272,2020-02-29,453606
2273,2020-03-01,453683
2274,2020-03-02,453763
2275,2020-03-03,453869
2276,2020-03-04,453951
2277,2020-03-05,454030
2278,2020-03-06,454084
2279,2020-03-07,454160
2280,2020-03-07,454232
2281,2020-03-08,454272
2282,2020-03-09,454313
2283,2020-03-10,454395
2284,2020-03-11,454496
2285,2020-03-12,454611
2286,2020-03-13,454680
2287,2020-03-14,454761
2288,2020-03-15,454879
2289,2020-03-16,454924
2290,2020-03-17,455014
2291,2020-03-18,455082
2292,2020-03-19,455170
2293,2020-03-20,455251
2294,2020-03-21,455307
2295,2020-03-22,455389
2296,2020-03-23,455487
2297,2020-03-24,455749
2298,2020-03-25,456042
2299,2020-03-26,456113
2300,2020-03-27,456179
2301,2020-03-28,456228
2302,2020-03-29,456273
2303,2020-03-30,456343
2304,2020-03-31,456389
2305,2020-04-01,456476
2306,2020-04-02,456548
2307,2020-04-03,456602
2308,2020-04-04,456668
2309,2020-04-05,456762
2310,2020-04-06,456852
2311,2020-04-07,456914
2312,2020-04-08,457011
2313,2020-04-09,457130
2314,2020-04-10,457222
2315,2020-04-11,457338
2316,2020-04-12,457430
