index,date,total
0,2012-10-29,96
1,2012-10-30,96
2,2012-10-31,96
3,2012-11-01,98
4,2012-11-02,98
5,2012-11-03,98
6,2012-11-04,101
7,2012-11-05,101
8,2012-11-06,101
9,2012-11-07,101
10,2012-11-08,102
11,2012-11-09,103
12,2012-11-10,103
13,2012-11-11,103
14,2012-11-12,104
15,2012-11-13,104
16,2012-11-14,104
17,2012-11-15,104
18,2012-11-16,104
19,2012-11-17,104
20,2012-11-18,104
21,2012-11-19,104
22,2012-11-20,105
23,2012-11-21,107
24,2012-11-22,107
25,2012-11-23,107
26,2012-11-24,107
27,2012-11-25,108
28,2012-11-26,108
29,2012-11-27,108
30,2012-11-28,108
31,2012-11-29,109
32,2012-11-30,110
33,2012-12-01,111
34,2012-12-02,111
35,2012-12-03,112
36,2012-12-04,113
37,2012-12-05,113
38,2012-12-06,113
39,2012-12-07,113
40,2012-12-08,113
41,2012-12-09,113
42,2012-12-10,113
43,2012-12-11,113
44,2012-12-12,113
45,2012-12-13,113
46,2012-12-14,114
47,2012-12-15,114
48,2012-12-16,114
49,2012-12-17,114
50,2012-12-18,114
51,2012-12-19,115
52,2012-12-20,115
53,2012-12-21,115
54,2012-12-22,115
55,2012-12-23,115
56,2012-12-24,115
57,2012-12-25,115
58,2012-12-26,115
59,2012-12-27,115
60,2012-12-28,116
61,2012-12-29,116
62,2012-12-30,116
63,2012-12-31,117
64,2013-01-01,118
65,2013-01-02,119
66,2013-01-03,118
67,2013-01-04,117
68,2013-01-05,118
69,2013-01-06,118
70,2013-01-07,118
71,2013-01-08,117
72,2013-01-09,118
73,2013-01-10,118
74,2013-01-11,119
75,2013-01-12,119
76,2013-01-13,119
77,2013-01-14,122
78,2013-01-15,122
79,2013-01-16,122
80,2013-01-17,121
81,2013-01-18,121
82,2013-01-19,121
83,2013-01-20,121
84,2013-01-21,122
85,2013-01-22,122
86,2013-01-23,123
87,2013-01-24,124
88,2013-01-25,126
89,2013-01-26,128
90,2013-01-27,128
91,2013-01-28,128
92,2013-01-29,130
93,2013-01-30,131
94,2013-01-31,133
95,2013-02-01,135
96,2013-02-02,138
97,2013-02-03,140
98,2013-02-04,142
99,2013-02-05,146
100,2013-02-06,146
101,2013-02-07,146
102,2013-02-08,146
103,2013-02-09,148
104,2013-02-10,150
105,2013-02-11,153
106,2013-02-12,153
107,2013-02-13,156
108,2013-02-14,160
109,2013-02-15,163
110,2013-02-16,164
111,2013-02-17,166
112,2013-02-18,173
113,2013-02-19,182
114,2013-02-20,185
115,2013-02-21,188
116,2013-02-22,192
117,2013-02-23,194
118,2013-02-24,196
119,2013-02-25,202
120,2013-02-26,203
121,2013-02-27,205
122,2013-02-28,208
123,2013-03-01,212
124,2013-03-02,216
125,2013-03-03,220
126,2013-03-04,224
127,2013-03-05,239
128,2013-03-06,241
129,2013-03-07,248
130,2013-03-08,253
131,2013-03-09,262
132,2013-03-09,291
133,2013-03-10,308
134,2013-03-11,326
135,2013-03-12,361
136,2013-03-13,391
137,2013-03-14,423
138,2013-03-15,448
139,2013-03-16,463
140,2013-03-17,487
141,2013-03-18,495
142,2013-03-19,514
143,2013-03-20,533
144,2013-03-21,552
145,2013-03-22,568
146,2013-03-23,594
147,2013-03-24,618
148,2013-03-25,643
149,2013-03-26,674
150,2013-03-27,704
151,2013-03-28,745
152,2013-03-29,773
153,2013-03-30,806
154,2013-03-31,870
155,2013-04-01,934
156,2013-04-02,1174
157,2013-04-03,1371
158,2013-04-04,1505
159,2013-04-05,1587
160,2013-04-06,1664
161,2013-04-07,1759
162,2013-04-08,1861
163,2013-04-09,2054
164,2013-04-10,2223
165,2013-04-11,2396
166,2013-04-12,2502
167,2013-04-13,2600
168,2013-04-14,2702
169,2013-04-15,2770
170,2013-04-16,2830
171,2013-04-17,2886
172,2013-04-18,2934
173,2013-04-19,2966
174,2013-04-20,2998
175,2013-04-21,3063
176,2013-04-22,3140
177,2013-04-23,3181
178,2013-04-24,3223
179,2013-04-25,3302
180,2013-04-26,3374
181,2013-04-27,3464
182,2013-04-28,3508
183,2013-04-29,3566
184,2013-04-30,3627
185,2013-05-01,3679
186,2013-05-02,3733
187,2013-05-03,3761
188,2013-05-04,3785
189,2013-05-05,3816
190,2013-05-06,3859
191,2013-05-07,3898
192,2013-05-08,3925
193,2013-05-09,3945
194,2013-05-10,3963
195,2013-05-11,3983
196,2013-05-12,4005
197,2013-05-13,4041
198,2013-05-14,4066
199,2013-05-15,4090
200,2013-05-16,4110
201,2013-05-17,4116
202,2013-05-18,4124
203,2013-05-19,4133
204,2013-05-20,4147
205,2013-05-21,4164
206,2013-05-22,4175
207,2013-05-23,4195
208,2013-05-24,4209
209,2013-05-25,4221
210,2013-05-26,4238
211,2013-05-27,4250
212,2013-05-28,4260
213,2013-05-29,4278
214,2013-05-30,4300
215,2013-05-31,4315
216,2013-06-01,4332
217,2013-06-02,4348
218,2013-06-03,4359
219,2013-06-04,4391
220,2013-06-05,4435
221,2013-06-06,4448
222,2013-06-07,4461
223,2013-06-08,4480
224,2013-06-09,4497
225,2013-06-10,4521
226,2013-06-11,4543
227,2013-06-12,4566
228,2013-06-13,4582
229,2013-06-14,4590
230,2013-06-15,4594
231,2013-06-16,4608
232,2013-06-17,4616
233,2013-06-18,4631
234,2013-06-19,4641
235,2013-06-20,4653
236,2013-06-21,4674
237,2013-06-22,4702
238,2013-06-23,4730
239,2013-06-24,4741
240,2013-06-25,4770
241,2013-06-26,4793
242,2013-06-27,4816
243,2013-06-28,4826
244,2013-06-29,4841
245,2013-06-30,4862
246,2013-07-01,5040
247,2013-07-02,5075
248,2013-07-03,5107
249,2013-07-04,5120
250,2013-07-05,5137
251,2013-07-06,5050
252,2013-07-07,5062
253,2013-07-08,5073
254,2013-07-09,5085
255,2013-07-10,5092
256,2013-07-11,5099
257,2013-07-12,5106
258,2013-07-13,5108
259,2013-07-14,5120
260,2013-07-15,5127
261,2013-07-16,5132
262,2013-07-17,5139
263,2013-07-18,5147
264,2013-07-19,5159
265,2013-07-20,5165
266,2013-07-21,5166
267,2013-07-22,5181
268,2013-07-23,5194
269,2013-07-24,5206
270,2013-07-25,5215
271,2013-07-26,5227
272,2013-07-27,5235
273,2013-07-28,5243
274,2013-07-29,5249
275,2013-07-30,5258
276,2013-07-31,5271
277,2013-08-01,5282
278,2013-08-02,5284
279,2013-08-03,5288
280,2013-08-04,5302
281,2013-08-05,5306
282,2013-08-06,5316
283,2013-08-07,5325
284,2013-08-08,5332
285,2013-08-09,5335
286,2013-08-10,5339
287,2013-08-11,5348
288,2013-08-12,5360
289,2013-08-13,5370
290,2013-08-14,5378
291,2013-08-15,5389
292,2013-08-16,5398
293,2013-08-17,5409
294,2013-08-18,5415
295,2013-08-19,5425
296,2013-08-20,5429
297,2013-08-21,5432
298,2013-08-22,5444
299,2013-08-23,5452
300,2013-08-24,5456
301,2013-08-25,5466
302,2013-08-26,5472
303,2013-08-27,5476
304,2013-08-28,5486
305,2013-08-29,5491
306,2013-08-30,5503
307,2013-08-31,5515
308,2013-09-01,5522
309,2013-09-02,5528
310,2013-09-03,5539
311,2013-09-04,5557
312,2013-09-05,5554
313,2013-09-06,5560
314,2013-09-07,5566
315,2013-09-08,5573
316,2013-09-09,5578
317,2013-09-10,5589
318,2013-09-11,5603
319,2013-09-12,5615
320,2013-09-13,5623
321,2013-09-14,5621
322,2013-09-15,5628
323,2013-09-16,5630
324,2013-09-17,5636
325,2013-09-18,5641
326,2013-09-19,5642
327,2013-09-20,5654
328,2013-09-21,5661
329,2013-09-22,5667
330,2013-09-23,5671
331,2013-09-24,5677
332,2013-09-25,5680
333,2013-09-26,5684
334,2013-09-27,5687
335,2013-09-28,5697
336,2013-09-29,5697
337,2013-09-30,5699
338,2013-10-01,5701
339,2013-10-02,5715
340,2013-10-03,5728
341,2013-10-04,5740
342,2013-10-05,5751
343,2013-10-06,5752
344,2013-10-07,5758
345,2013-10-08,5765
346,2013-10-09,5774
347,2013-10-10,5791
348,2013-10-11,5805
349,2013-10-12,5815
350,2013-10-13,5830
351,2013-10-14,5843
352,2013-10-15,5839
353,2013-10-16,5850
354,2013-10-17,5858
355,2013-10-18,5868
356,2013-10-19,5868
357,2013-10-20,5880
358,2013-10-21,5891
359,2013-10-22,5912
360,2013-10-23,5932
361,2013-10-24,5937
362,2013-10-25,5950
363,2013-10-26,5971
364,2013-10-27,5974
365,2013-10-28,5984
366,2013-10-29,6067
367,2013-10-30,6139
368,2013-10-31,6207
369,2013-11-01,6246
370,2013-11-02,6300
371,2013-11-03,6366
372,2013-11-04,6418
373,2013-11-05,6465
374,2013-11-06,6531
375,2013-11-07,6618
376,2013-11-08,6687
377,2013-11-09,6744
378,2013-11-10,6800
379,2013-11-11,6859
380,2013-11-12,6916
381,2013-11-13,6988
382,2013-11-14,7104
383,2013-11-15,7181
384,2013-11-16,7228
385,2013-11-17,7323
386,2013-11-18,7688
387,2013-11-19,7943
388,2013-11-20,8200
389,2013-11-21,8384
390,2013-11-22,8564
391,2013-11-23,8713
392,2013-11-24,8870
393,2013-11-25,9080
394,2013-11-26,9486
395,2013-11-27,10043
396,2013-11-28,10644
397,2013-11-29,10995
398,2013-11-30,11278
399,2013-12-01,11615
400,2013-12-02,11936
401,2013-12-03,12217
402,2013-12-04,12560
403,2013-12-05,12847
404,2013-12-06,13079
405,2013-12-07,13259
406,2013-12-08,13438
407,2013-12-09,13645
408,2013-12-10,13901
409,2013-12-11,14083
410,2013-12-12,14241
411,2013-12-13,14374
412,2013-12-14,14486
413,2013-12-15,14662
414,2013-12-16,14800
415,2013-12-17,14945
416,2013-12-18,15115
417,2013-12-19,15206
418,2013-12-20,15291
419,2013-12-21,15378
420,2013-12-22,15457
421,2013-12-23,15538
422,2013-12-24,15590
423,2013-12-25,15674
424,2013-12-26,15788
425,2013-12-27,15868
426,2013-12-28,15938
427,2013-12-29,16014
428,2013-12-30,16071
429,2013-12-31,16124
430,2014-01-01,16187
431,2014-01-02,16264
432,2014-01-03,16324
433,2014-01-04,16396
434,2014-01-05,16501
435,2014-01-06,16584
436,2014-01-07,16658
437,2014-01-08,16705
438,2014-01-09,16770
439,2014-01-10,16850
440,2014-01-11,16914
441,2014-01-12,16987
442,2014-01-13,17061
443,2014-01-14,17151
444,2014-01-15,17234
445,2014-01-16,17298
446,2014-01-17,17356
447,2014-01-18,17396
448,2014-01-19,17465
449,2014-01-20,17543
450,2014-01-21,17635
451,2014-01-22,17743
452,2014-01-23,17840
453,2014-01-24,17929
454,2014-01-25,17977
455,2014-01-26,18057
456,2014-01-27,18124
457,2014-01-28,18191
458,2014-01-29,18298
459,2014-01-30,18385
460,2014-01-31,18443
461,2014-02-01,18503
462,2014-02-02,18546
463,2014-02-03,18607
464,2014-02-04,18691
465,2014-02-05,18744
466,2014-02-06,18786
467,2014-02-07,18841
468,2014-02-08,18906
469,2014-02-09,18959
470,2014-02-10,19016
471,2014-02-11,19078
472,2014-02-12,19113
473,2014-02-13,19165
474,2014-02-14,19214
475,2014-02-15,19250
476,2014-02-16,19295
477,2014-02-17,19326
478,2014-02-18,19364
479,2014-02-19,19394
480,2014-02-20,19424
481,2014-02-21,19439
482,2014-02-22,19466
483,2014-02-23,19489
484,2014-02-24,19524
485,2014-02-25,19565
486,2014-02-26,19609
487,2014-02-27,19642
488,2014-02-28,19691
489,2014-03-01,19728
490,2014-03-02,19770
491,2014-03-03,19806
492,2014-03-04,19870
493,2014-03-05,19913
494,2014-03-06,19966
495,2014-03-07,20010
496,2014-03-08,20043
497,2014-03-08,20100
498,2014-03-09,20115
499,2014-03-10,20130
500,2014-03-11,20153
501,2014-03-12,20171
502,2014-03-13,20199
503,2014-03-14,20216
504,2014-03-15,20226
505,2014-03-16,20279
506,2014-03-17,20328
507,2014-03-18,20408
508,2014-03-19,20456
509,2014-03-20,20468
510,2014-03-21,20479
511,2014-03-22,20492
512,2014-03-23,20495
513,2014-03-24,20506
514,2014-03-25,20519
515,2014-03-26,20534
516,2014-03-27,20555
517,2014-03-28,20576
518,2014-03-29,20581
519,2014-03-30,20598
520,2014-03-31,20600
521,2014-04-01,20617
522,2014-04-02,20622
523,2014-04-03,20640
524,2014-04-04,20645
525,2014-04-05,20660
526,2014-04-06,20660
527,2014-04-07,20681
528,2014-04-08,20703
529,2014-04-09,20705
530,2014-04-10,20715
531,2014-04-11,20727
532,2014-04-12,20735
533,2014-04-13,20744
534,2014-04-14,20749
535,2014-04-15,20758
536,2014-04-16,20765
537,2014-04-17,20768
538,2014-04-18,20786
539,2014-04-19,20786
540,2014-04-20,20785
541,2014-04-21,20793
542,2014-04-22,20796
543,2014-04-23,20801
544,2014-04-24,20804
545,2014-04-25,20807
546,2014-04-26,20806
547,2014-04-27,20808
548,2014-04-28,20821
549,2014-04-29,20837
550,2014-04-30,20849
551,2014-05-01,20861
552,2014-05-02,20864
553,2014-05-03,20856
554,2014-05-04,20855
555,2014-05-05,20857
556,2014-05-06,20869
557,2014-05-07,20858
558,2014-05-08,20846
559,2014-05-09,20842
560,2014-05-10,20840
561,2014-05-11,20836
562,2014-05-12,20826
563,2014-05-13,20833
564,2014-05-14,20842
565,2014-05-15,20841
566,2014-05-16,20850
567,2014-05-17,20844
568,2014-05-18,20844
569,2014-05-19,20834
570,2014-05-20,20834
571,2014-05-21,20824
572,2014-05-22,20830
573,2014-05-23,20830
574,2014-05-24,20841
575,2014-05-25,20852
576,2014-05-26,20843
577,2014-05-27,20849
578,2014-05-28,20854
579,2014-05-29,20857
580,2014-05-30,20850
581,2014-05-31,20843
582,2014-06-01,20847
583,2014-06-02,20848
584,2014-06-03,20850
585,2014-06-04,20854
586,2014-06-05,20848
587,2014-06-06,20856
588,2014-06-07,20868
589,2014-06-08,20871
590,2014-06-09,20869
591,2014-06-10,20868
592,2014-06-11,20867
593,2014-06-12,20879
594,2014-06-13,20884
595,2014-06-14,20882
596,2014-06-15,20881
597,2014-06-16,20882
598,2014-06-17,20893
599,2014-06-18,20898
600,2014-06-19,20897
601,2014-06-20,20889
602,2014-06-21,20893
603,2014-06-22,20888
604,2014-06-23,20876
605,2014-06-24,20875
606,2014-06-25,20876
607,2014-06-26,20872
608,2014-06-27,20867
609,2014-06-28,20873
610,2014-06-29,20879
611,2014-06-30,20873
612,2014-07-01,20874
613,2014-07-02,20875
614,2014-07-03,20871
615,2014-07-04,20882
616,2014-07-05,20889
617,2014-07-06,20893
618,2014-07-07,20895
619,2014-07-08,20894
620,2014-07-09,20895
621,2014-07-10,20893
622,2014-07-11,20900
623,2014-07-12,20900
624,2014-07-13,20891
625,2014-07-14,20898
626,2014-07-15,20885
627,2014-07-16,20886
628,2014-07-17,20886
629,2014-07-18,20892
630,2014-07-19,20901
631,2014-07-20,20907
632,2014-07-21,20911
633,2014-07-22,20906
634,2014-07-23,20905
635,2014-07-24,20903
636,2014-07-25,20903
637,2014-07-26,20905
638,2014-07-27,20901
639,2014-07-28,20903
640,2014-07-29,20896
641,2014-07-30,20897
642,2014-07-31,20893
643,2014-08-01,20886
644,2014-08-02,20884
645,2014-08-03,20893
646,2014-08-04,20887
647,2014-08-05,20892
648,2014-08-06,20886
649,2014-08-07,20883
650,2014-08-08,20881
651,2014-08-09,20877
652,2014-08-10,20877
653,2014-08-11,20887
654,2014-08-12,20891
655,2014-08-13,20890
656,2014-08-14,20889
657,2014-08-15,20886
658,2014-08-16,20878
659,2014-08-17,20883
660,2014-08-18,20881
661,2014-08-19,20876
662,2014-08-20,20869
663,2014-08-21,20871
664,2014-08-22,20864
665,2014-08-23,20851
666,2014-08-24,20849
667,2014-08-25,20854
668,2014-08-26,20853
669,2014-08-27,20848
670,2014-08-28,20849
671,2014-08-29,20851
672,2014-08-30,20846
673,2014-08-31,20840
674,2014-09-01,20836
675,2014-09-02,20838
676,2014-09-03,20840
677,2014-09-04,20843
678,2014-09-05,20840
679,2014-09-06,20828
680,2014-09-07,20828
681,2014-09-08,20838
682,2014-09-09,20842
683,2014-09-10,20844
684,2014-09-11,20846
685,2014-09-12,20839
686,2014-09-13,20833
687,2014-09-14,20848
688,2014-09-15,20844
689,2014-09-16,20846
690,2014-09-17,20846
691,2014-09-18,20844
692,2014-09-19,20837
693,2014-09-20,20830
694,2014-09-21,20826
695,2014-09-22,20823
696,2014-09-23,20817
697,2014-09-24,20813
698,2014-09-25,20808
699,2014-09-26,20805
700,2014-09-27,20813
701,2014-09-28,20816
702,2014-09-29,20807
703,2014-09-30,20802
704,2014-10-01,20802
705,2014-10-02,20798
706,2014-10-03,20799
707,2014-10-04,20801
708,2014-10-05,20795
709,2014-10-06,20796
710,2014-10-07,20796
711,2014-10-08,20796
712,2014-10-09,20793
713,2014-10-10,20807
714,2014-10-11,20808
715,2014-10-12,20801
716,2014-10-13,20799
717,2014-10-14,20792
718,2014-10-15,20787
719,2014-10-16,20785
720,2014-10-17,20780
721,2014-10-18,20783
722,2014-10-19,20764
723,2014-10-20,20762
724,2014-10-21,20771
725,2014-10-22,20772
726,2014-10-23,20773
727,2014-10-24,20760
728,2014-10-25,20759
729,2014-10-26,20753
730,2014-10-27,20747
731,2014-10-28,20746
732,2014-10-29,20740
733,2014-10-30,20742
734,2014-10-31,20741
735,2014-11-01,20733
736,2014-11-02,20733
737,2014-11-03,20734
738,2014-11-04,20726
739,2014-11-05,20721
740,2014-11-06,20721
741,2014-11-07,20720
742,2014-11-08,20715
743,2014-11-09,20713
744,2014-11-10,20709
745,2014-11-11,20710
746,2014-11-12,20702
747,2014-11-13,20699
748,2014-11-14,20695
749,2014-11-15,20690
750,2014-11-16,20690
751,2014-11-17,20679
752,2014-11-18,20677
753,2014-11-19,20675
754,2014-11-20,20676
755,2014-11-21,20665
756,2014-11-22,20653
757,2014-11-23,20644
758,2014-11-24,20635
759,2014-11-25,20640
760,2014-11-26,20634
761,2014-11-27,20629
762,2014-11-28,20628
763,2014-11-29,20620
764,2014-11-30,20614
765,2014-12-01,20613
766,2014-12-02,20611
767,2014-12-03,20603
768,2014-12-04,20601
769,2014-12-05,20599
770,2014-12-06,20600
771,2014-12-07,20595
772,2014-12-08,20588
773,2014-12-09,20578
774,2014-12-10,20569
775,2014-12-11,20565
776,2014-12-12,20563
777,2014-12-13,20561
778,2014-12-14,20552
779,2014-12-15,20553
780,2014-12-16,20546
781,2014-12-17,20536
782,2014-12-18,20530
783,2014-12-19,20524
784,2014-12-20,20524
785,2014-12-21,20517
786,2014-12-22,20520
787,2014-12-23,20518
788,2014-12-24,20515
789,2014-12-25,20503
790,2014-12-26,20506
791,2014-12-27,20508
792,2014-12-28,20501
793,2014-12-29,20502
794,2014-12-30,20506
795,2014-12-31,20505
796,2015-01-01,20500
797,2015-01-02,20493
798,2015-01-03,20487
799,2015-01-04,20473
800,2015-01-05,20469
801,2015-01-06,20476
802,2015-01-07,20477
803,2015-01-08,20471
804,2015-01-09,20475
805,2015-01-10,20472
806,2015-01-11,20464
807,2015-01-12,20472
808,2015-01-13,20472
809,2015-01-14,20473
810,2015-01-15,20470
811,2015-01-16,20469
812,2015-01-17,20460
813,2015-01-18,20453
814,2015-01-19,20446
815,2015-01-20,20444
816,2015-01-21,20446
817,2015-01-22,20438
818,2015-01-23,20438
819,2015-01-24,20442
820,2015-01-25,20435
821,2015-01-26,20439
822,2015-01-27,20438
823,2015-01-28,20447
824,2015-01-29,20449
825,2015-01-30,20452
826,2015-01-31,20445
827,2015-02-01,20433
828,2015-02-02,20431
829,2015-02-03,20425
830,2015-02-04,20421
831,2015-02-05,20425
832,2015-02-06,20421
833,2015-02-07,20423
834,2015-02-08,20422
835,2015-02-09,20426
836,2015-02-10,20438
837,2015-02-11,20457
838,2015-02-12,20567
839,2015-02-13,20655
840,2015-02-14,20732
841,2015-02-15,20838
842,2015-02-16,20892
843,2015-02-17,20969
844,2015-02-18,21027
845,2015-02-19,21134
846,2015-02-20,21246
847,2015-02-21,21265
848,2015-02-22,21264
849,2015-02-23,21266
850,2015-02-24,21267
851,2015-02-25,21270
852,2015-02-26,21269
853,2015-02-27,21271
854,2015-02-28,21285
855,2015-03-01,21289
856,2015-03-02,21287
857,2015-03-03,21292
858,2015-03-04,21350
859,2015-03-05,21462
860,2015-03-06,21488
861,2015-03-07,21529
862,2015-03-07,21613
863,2015-03-08,21625
864,2015-03-09,21637
865,2015-03-10,21725
866,2015-03-11,21779
867,2015-03-12,21930
868,2015-03-13,22072
869,2015-03-14,22181
870,2015-03-15,22331
871,2015-03-16,22476
872,2015-03-17,22620
873,2015-03-18,22727
874,2015-03-19,22817
875,2015-03-20,22974
876,2015-03-21,23116
877,2015-03-22,23282
878,2015-03-23,23435
879,2015-03-24,23589
880,2015-03-25,23716
881,2015-03-26,23798
882,2015-03-27,23868
883,2015-03-28,23995
884,2015-03-29,24086
885,2015-03-30,24215
886,2015-03-31,24214
887,2015-04-01,24218
888,2015-04-02,24357
889,2015-04-03,24438
890,2015-04-04,24535
891,2015-04-05,24593
892,2015-04-06,24625
893,2015-04-07,24739
894,2015-04-08,24841
895,2015-04-09,24961
896,2015-04-10,25067
897,2015-04-11,25190
898,2015-04-12,25349
899,2015-04-13,25427
900,2015-04-14,25538
901,2015-04-15,25534
902,2015-04-16,25529
903,2015-04-17,25629
904,2015-04-18,25674
905,2015-04-19,25670
906,2015-04-20,25671
907,2015-04-21,25670
908,2015-04-22,25671
909,2015-04-23,25671
910,2015-04-24,25662
911,2015-04-25,25659
912,2015-04-26,25652
913,2015-04-27,25646
914,2015-04-28,25642
915,2015-04-29,25637
916,2015-04-30,25631
917,2015-05-01,25620
918,2015-05-02,25616
919,2015-05-03,25613
920,2015-05-04,25606
921,2015-05-05,25601
922,2015-05-06,25591
923,2015-05-07,25592
924,2015-05-08,25584
925,2015-05-09,25579
926,2015-05-10,25572
927,2015-05-11,25570
928,2015-05-12,25567
929,2015-05-13,25562
930,2015-05-14,25563
931,2015-05-15,25566
932,2015-05-16,25562
933,2015-05-17,25558
934,2015-05-18,25555
935,2015-05-19,25549
936,2015-05-20,25544
937,2015-05-21,25535
938,2015-05-22,25546
939,2015-05-23,25548
940,2015-05-24,25548
941,2015-05-25,25546
942,2015-05-26,25549
943,2015-05-27,25554
944,2015-05-28,25551
945,2015-05-29,25545
946,2015-05-30,25544
947,2015-05-31,25538
948,2015-06-01,25532
949,2015-06-02,25530
950,2015-06-03,25533
951,2015-06-04,25551
952,2015-06-05,25557
953,2015-06-06,25558
954,2015-06-07,25559
955,2015-06-08,25551
956,2015-06-09,25554
957,2015-06-10,25553
958,2015-06-11,25552
959,2015-06-12,25560
960,2015-06-13,25564
961,2015-06-14,25565
962,2015-06-15,25568
963,2015-06-16,25574
964,2015-06-17,25576
965,2015-06-18,25579
966,2015-06-19,25579
967,2015-06-20,25576
968,2015-06-21,25575
969,2015-06-22,25580
970,2015-06-23,25587
971,2015-06-24,25589
972,2015-06-25,25593
973,2015-06-26,25592
974,2015-06-27,25596
975,2015-06-28,25597
976,2015-06-29,25606
977,2015-06-30,25613
978,2015-07-01,25611
979,2015-07-02,25615
980,2015-07-03,25619
981,2015-07-04,25614
982,2015-07-05,25629
983,2015-07-06,25643
984,2015-07-07,25655
985,2015-07-08,25692
986,2015-07-09,25742
987,2015-07-10,25764
988,2015-07-11,25771
989,2015-07-12,25785
990,2015-07-13,25786
991,2015-07-14,25789
992,2015-07-15,25791
993,2015-07-16,25789
994,2015-07-17,25796
995,2015-07-18,25794
996,2015-07-19,25794
997,2015-07-20,25788
998,2015-07-21,25792
999,2015-07-22,25798
1000,2015-07-23,25797
1001,2015-07-24,25803
1002,2015-07-25,25798
1003,2015-07-26,25798
1004,2015-07-27,25795
1005,2015-07-28,25797
1006,2015-07-29,25801
1007,2015-07-30,25801
1008,2015-07-31,25800
1009,2015-08-01,25807
1010,2015-08-02,25809
1011,2015-08-03,25807
1012,2015-08-04,25807
1013,2015-08-05,25811
1014,2015-08-06,25814
1015,2015-08-07,25816
1016,2015-08-08,25818
1017,2015-08-09,25821
1018,2015-08-10,25823
1019,2015-08-11,25825
1020,2015-08-12,25834
1021,2015-08-13,25837
1022,2015-08-14,25834
1023,2015-08-15,25839
1024,2015-08-16,25843
1025,2015-08-17,25842
1026,2015-08-18,25846
1027,2015-08-19,25848
1028,2015-08-20,25850
1029,2015-08-21,25852
1030,2015-08-22,25851
1031,2015-08-23,25852
1032,2015-08-24,25847
1033,2015-08-25,25851
1034,2015-08-26,25847
1035,2015-08-27,25849
1036,2015-08-28,25848
1037,2015-08-29,25850
1038,2015-08-30,25848
1039,2015-08-31,25849
1040,2015-09-01,25846
1041,2015-09-02,25847
1042,2015-09-03,25848
1043,2015-09-04,25850
1044,2015-09-05,25847
1045,2015-09-06,25840
1046,2015-09-07,25836
1047,2015-09-08,25663
1048,2015-09-09,25391
1049,2015-09-10,25117
1050,2015-09-11,24953
1051,2015-09-12,24739
1052,2015-09-13,24477
1053,2015-09-14,24264
1054,2015-09-15,23994
1055,2015-09-16,23719
1056,2015-09-17,23456
1057,2015-09-18,23193
1058,2015-09-19,23111
1059,2015-09-20,23111
1060,2015-09-21,23111
1061,2015-09-22,23114
1062,2015-09-23,23109
1063,2015-09-24,23111
1064,2015-09-25,23113
1065,2015-09-26,23107
1066,2015-09-27,23105
1067,2015-09-28,23102
1068,2015-09-29,23094
1069,2015-09-30,23092
1070,2015-10-01,23088
1071,2015-10-02,23089
1072,2015-10-03,23091
1073,2015-10-04,23083
1074,2015-10-05,23081
1075,2015-10-06,23078
1076,2015-10-07,23076
1077,2015-10-08,23073
1078,2015-10-09,23078
1079,2015-10-10,23076
1080,2015-10-11,23077
1081,2015-10-12,23076
1082,2015-10-13,23076
1083,2015-10-14,23072
1084,2015-10-15,23065
1085,2015-10-16,23063
1086,2015-10-17,23065
1087,2015-10-18,23067
1088,2015-10-19,23063
1089,2015-10-20,23060
1090,2015-10-21,23060
1091,2015-10-22,23058
1092,2015-10-23,23061
1093,2015-10-24,23053
1094,2015-10-25,23052
1095,2015-10-26,23047
1096,2015-10-27,23038
1097,2015-10-28,23034
1098,2015-10-29,23035
1099,2015-10-30,23027
1100,2015-10-31,23028
1101,2015-11-01,23029
1102,2015-11-02,23028
1103,2015-11-03,23025
1104,2015-11-04,23034
1105,2015-11-05,23034
1106,2015-11-06,23036
1107,2015-11-07,23040
1108,2015-11-08,23041
1109,2015-11-09,23039
1110,2015-11-10,23044
1111,2015-11-11,23042
1112,2015-11-12,23043
1113,2015-11-13,23043
1114,2015-11-14,23044
1115,2015-11-15,23043
1116,2015-11-16,23041
1117,2015-11-17,23043
1118,2015-11-18,23043
1119,2015-11-19,23042
1120,2015-11-20,23038
1121,2015-11-21,23037
1122,2015-11-22,23040
1123,2015-11-23,23042
1124,2015-11-24,23043
1125,2015-11-25,23043
1126,2015-11-26,23045
1127,2015-11-27,23042
1128,2015-11-28,23037
1129,2015-11-29,23036
1130,2015-11-30,23036
1131,2015-12-01,23031
1132,2015-12-02,23028
1133,2015-12-03,23027
1134,2015-12-04,23028
1135,2015-12-05,23029
1136,2015-12-06,23028
1137,2015-12-07,23028
1138,2015-12-08,23027
1139,2015-12-09,23028
1140,2015-12-10,23031
1141,2015-12-11,23033
1142,2015-12-12,23033
1143,2015-12-13,23032
1144,2015-12-14,23033
1145,2015-12-15,22970
1146,2015-12-16,22934
1147,2015-12-17,22900
1148,2015-12-18,22858
1149,2015-12-19,22799
1150,2015-12-20,22758
1151,2015-12-21,22713
1152,2015-12-22,22666
1153,2015-12-23,22618
1154,2015-12-24,22570
1155,2015-12-25,22482
1156,2015-12-26,22444
1157,2015-12-27,22373
1158,2015-12-28,22261
1159,2015-12-29,22178
1160,2015-12-30,22145
1161,2015-12-31,22125
1162,2016-01-01,22113
1163,2016-01-02,22105
1164,2016-01-03,22101
1165,2016-01-04,22091
1166,2016-01-05,22090
1167,2016-01-06,22096
1168,2016-01-07,22101
1169,2016-01-08,22101
1170,2016-01-09,22098
1171,2016-01-10,22095
1172,2016-01-11,22099
1173,2016-01-12,22101
1174,2016-01-13,22103
1175,2016-01-14,22108
1176,2016-01-15,22112
1177,2016-01-16,22111
1178,2016-01-17,22115
1179,2016-01-18,22117
1180,2016-01-19,22112
1181,2016-01-20,22117
1182,2016-01-21,22121
1183,2016-01-22,22126
1184,2016-01-23,22114
1185,2016-01-24,22113
1186,2016-01-25,22110
1187,2016-01-26,22107
1188,2016-01-27,22110
1189,2016-01-28,22109
1190,2016-01-29,22117
1191,2016-01-30,22111
1192,2016-01-31,22110
1193,2016-02-01,22106
1194,2016-02-02,22104
1195,2016-02-03,22102
1196,2016-02-04,22106
1197,2016-02-05,22107
1198,2016-02-06,22105
1199,2016-02-07,22104
1200,2016-02-08,22105
1201,2016-02-09,22101
1202,2016-02-10,22101
1203,2016-02-11,22099
1204,2016-02-12,22094
1205,2016-02-13,22090
1206,2016-02-14,22092
1207,2016-02-15,22093
1208,2016-02-16,22089
1209,2016-02-17,22090
1210,2016-02-18,22094
1211,2016-02-19,22093
1212,2016-02-20,22098
1213,2016-02-21,22092
1214,2016-02-22,22089
1215,2016-02-23,22084
1216,2016-02-24,22082
1217,2016-02-25,22083
1218,2016-02-26,22080
1219,2016-02-27,22078
1220,2016-02-28,22075
1221,2016-02-29,22072
1222,2016-03-01,22072
1223,2016-03-02,22072
1224,2016-03-03,22069
1225,2016-03-04,22086
1226,2016-03-05,22086
1227,2016-03-06,22088
1228,2016-03-07,22084
1229,2016-03-08,22087
1230,2016-03-09,22082
1231,2016-03-10,22086
1232,2016-03-11,22084
1233,2016-03-12,22085
1234,2016-03-12,22086
1235,2016-03-13,22085
1236,2016-03-14,22084
1237,2016-03-15,22083
1238,2016-03-16,22080
1239,2016-03-17,22082
1240,2016-03-18,22079
1241,2016-03-19,22079
1242,2016-03-20,22075
1243,2016-03-21,22072
1244,2016-03-22,22064
1245,2016-03-23,22061
1246,2016-03-24,22065
1247,2016-03-25,22064
1248,2016-03-26,22062
1249,2016-03-27,22057
1250,2016-03-28,22053
1251,2016-03-29,22049
1252,2016-03-30,22049
1253,2016-03-31,22042
1254,2016-04-01,22039
1255,2016-04-02,22030
1256,2016-04-03,22025
1257,2016-04-04,22020
1258,2016-04-05,22020
1259,2016-04-06,22016
1260,2016-04-07,22016
1261,2016-04-08,22009
1262,2016-04-09,22005
1263,2016-04-10,22002
1264,2016-04-11,22001
1265,2016-04-12,22002
1266,2016-04-13,22002
1267,2016-04-14,22000
1268,2016-04-15,21997
1269,2016-04-16,21999
1270,2016-04-17,21995
1271,2016-04-18,22001
1272,2016-04-19,21998
1273,2016-04-20,21995
1274,2016-04-21,21992
1275,2016-04-22,21993
1276,2016-04-23,21992
1277,2016-04-24,21986
1278,2016-04-25,21995
1279,2016-04-26,22001
1280,2016-04-27,22000
1281,2016-04-28,21997
1282,2016-04-29,21996
1283,2016-04-30,21996
1284,2016-05-01,21993
1285,2016-05-02,21990
1286,2016-05-03,21984
1287,2016-05-04,21979
1288,2016-05-05,21977
1289,2016-05-06,21977
1290,2016-05-07,21981
1291,2016-05-08,21983
1292,2016-05-09,21989
1293,2016-05-10,21986
1294,2016-05-11,21987
1295,2016-05-12,21983
1296,2016-05-13,21981
1297,2016-05-14,21979
1298,2016-05-15,21978
1299,2016-05-16,21980
1300,2016-05-17,21976
1301,2016-05-18,21976
1302,2016-05-19,21978
1303,2016-05-20,21980
1304,2016-05-21,21976
1305,2016-05-22,21974
1306,2016-05-23,21975
1307,2016-05-24,21977
1308,2016-05-25,21977
1309,2016-05-26,21975
1310,2016-05-27,21974
1311,2016-05-28,21972
1312,2016-05-29,21970
1313,2016-05-30,21969
1314,2016-05-31,21968
1315,2016-06-01,21967
1316,2016-06-02,21967
1317,2016-06-03,21970
1318,2016-06-04,21969
1319,2016-06-05,21970
1320,2016-06-06,21972
1321,2016-06-07,21966
1322,2016-06-08,21967
1323,2016-06-09,21972
1324,2016-06-10,21978
1325,2016-06-11,21973
1326,2016-06-12,21976
1327,2016-06-13,21979
1328,2016-06-14,21982
1329,2016-06-15,21981
1330,2016-06-16,21980
1331,2016-06-17,21982
1332,2016-06-18,21981
1333,2016-06-19,21983
1334,2016-06-20,21985
1335,2016-06-21,21990
1336,2016-06-22,21990
1337,2016-06-23,21999
1338,2016-06-24,21995
1339,2016-06-25,22001
1340,2016-06-26,22005
1341,2016-06-27,22001
1342,2016-06-28,21999
1343,2016-06-29,22008
1344,2016-06-30,22009
1345,2016-07-01,22010
1346,2016-07-02,22011
1347,2016-07-03,22012
1348,2016-07-04,22013
1349,2016-07-05,22014
1350,2016-07-06,22021
1351,2016-07-07,22022
1352,2016-07-08,22025
1353,2016-07-09,22029
1354,2016-07-10,22032
1355,2016-07-11,22033
1356,2016-07-12,22034
1357,2016-07-13,22032
1358,2016-07-14,22035
1359,2016-07-15,22037
1360,2016-07-16,22037
1361,2016-07-17,22035
1362,2016-07-18,22035
1363,2016-07-19,22032
1364,2016-07-20,22031
1365,2016-07-21,22030
1366,2016-07-22,22028
1367,2016-07-23,22022
1368,2016-07-24,22019
1369,2016-07-25,22018
1370,2016-07-26,22021
1371,2016-07-27,22025
1372,2016-07-28,22023
1373,2016-07-29,22026
1374,2016-07-30,22022
1375,2016-07-31,22021
1376,2016-08-01,22017
1377,2016-08-02,22022
1378,2016-08-03,22021
1379,2016-08-04,22025
1380,2016-08-05,22027
1381,2016-08-06,22031
1382,2016-08-07,22032
1383,2016-08-08,22030
1384,2016-08-09,22031
1385,2016-08-10,22028
1386,2016-08-11,22024
1387,2016-08-12,22025
1388,2016-08-13,22025
1389,2016-08-14,22028
1390,2016-08-15,22030
1391,2016-08-16,22028
1392,2016-08-17,22030
1393,2016-08-18,22031
1394,2016-08-19,22026
1395,2016-08-20,22027
1396,2016-08-21,22027
1397,2016-08-22,22031
1398,2016-08-23,22041
1399,2016-08-24,22043
1400,2016-08-25,22043
1401,2016-08-26,22042
1402,2016-08-27,22037
1403,2016-08-28,22034
1404,2016-08-29,22031
1405,2016-08-30,22029
1406,2016-08-31,22029
1407,2016-09-01,22027
1408,2016-09-02,22030
1409,2016-09-03,22025
1410,2016-09-04,22028
1411,2016-09-05,22025
1412,2016-09-06,22024
1413,2016-09-07,22025
1414,2016-09-08,22023
1415,2016-09-09,22020
1416,2016-09-10,22016
1417,2016-09-11,22016
1418,2016-09-12,22011
1419,2016-09-13,22011
1420,2016-09-14,22014
1421,2016-09-15,22012
1422,2016-09-16,22010
1423,2016-09-17,22006
1424,2016-09-18,22004
1425,2016-09-19,22007
1426,2016-09-20,22011
1427,2016-09-21,22005
1428,2016-09-22,22005
1429,2016-09-23,22008
1430,2016-09-24,22008
1431,2016-09-25,22012
1432,2016-09-26,22009
1433,2016-09-27,22007
1434,2016-09-28,22008
1435,2016-09-29,22008
1436,2016-09-30,22009
1437,2016-10-01,22006
1438,2016-10-02,22006
1439,2016-10-03,21998
1440,2016-10-04,21996
1441,2016-10-05,21992
1442,2016-10-06,21992
1443,2016-10-07,21990
1444,2016-10-08,21994
1445,2016-10-09,21989
1446,2016-10-10,21988
1447,2016-10-11,21981
1448,2016-10-12,21981
1449,2016-10-13,21982
1450,2016-10-14,21980
1451,2016-10-15,21979
1452,2016-10-16,21978
1453,2016-10-17,21977
1454,2016-10-18,21976
1455,2016-10-19,21975
1456,2016-10-20,21974
1457,2016-10-21,21973
1458,2016-10-22,21972
1459,2016-10-23,21971
1460,2016-10-24,21976
1461,2016-10-25,21974
1462,2016-10-26,21972
1463,2016-10-27,21970
1464,2016-10-28,21968
1465,2016-10-29,21966
1466,2016-10-30,21964
1467,2016-10-31,21962
1468,2016-11-01,21960
1469,2016-11-02,21958
1470,2016-11-03,21956
1471,2016-11-04,21954
1472,2016-11-05,21952
1473,2016-11-06,21950
1474,2016-11-07,21952
1475,2016-11-08,21950
1476,2016-11-09,21948
1477,2016-11-10,21947
1478,2016-11-11,21949
1479,2016-11-12,21944
1480,2016-11-13,21945
1481,2016-11-14,21946
1482,2016-11-15,21948
1483,2016-11-16,21950
1484,2016-11-17,21950
1485,2016-11-18,21948
1486,2016-11-19,21949
1487,2016-11-20,21950
1488,2016-11-21,21949
1489,2016-11-22,21948
1490,2016-11-23,21948
1491,2016-11-24,21949
1492,2016-11-25,21947
1493,2016-11-26,21945
1494,2016-11-27,21945
1495,2016-11-28,21943
1496,2016-11-29,21942
1497,2016-11-30,21941
1498,2016-12-01,21942
1499,2016-12-02,21943
1500,2016-12-03,21944
1501,2016-12-04,21946
1502,2016-12-05,21938
1503,2016-12-06,21937
1504,2016-12-07,21936
1505,2016-12-08,21935
1506,2016-12-09,21934
1507,2016-12-10,21933
1508,2016-12-11,21932
1509,2016-12-12,21931
1510,2016-12-13,21930
1511,2016-12-14,21929
1512,2016-12-15,21928
1513,2016-12-16,21927
1514,2016-12-17,21926
1515,2016-12-18,21925
1516,2016-12-19,21924
1517,2016-12-20,21923
1518,2016-12-21,21922
1519,2016-12-22,21921
1520,2016-12-23,21920
1521,2016-12-24,21919
1522,2016-12-25,21918
1523,2016-12-26,21917
1524,2016-12-27,21916
1525,2016-12-28,21915
1526,2016-12-29,21914
1527,2016-12-30,21931
1528,2016-12-31,21936
1529,2017-01-01,21936
1530,2017-01-02,21942
1531,2017-01-03,21948
1532,2017-01-04,21953
1533,2017-01-05,21954
1534,2017-01-06,21968
1535,2017-01-07,21979
1536,2017-01-08,21975
1537,2017-01-09,21986
1538,2017-01-10,22003
1539,2017-01-11,22007
1540,2017-01-12,22008
1541,2017-01-13,22009
1542,2017-01-14,22014
1543,2017-01-15,22018
1544,2017-01-16,22020
1545,2017-01-17,22022
1546,2017-01-18,22029
1547,2017-01-19,22030
1548,2017-01-20,22035
1549,2017-01-21,22033
1550,2017-01-22,22033
1551,2017-01-23,22036
1552,2017-01-24,22035
1553,2017-01-25,22038
1554,2017-01-26,22046
1555,2017-01-27,22056
1556,2017-01-28,22061
1557,2017-01-29,22063
1558,2017-01-30,22087
1559,2017-01-31,22102
1560,2017-02-01,22106
1561,2017-02-02,22116
1562,2017-02-03,22124
1563,2017-02-04,22136
1564,2017-02-05,22142
1565,2017-02-06,22146
1566,2017-02-07,22138
1567,2017-02-08,22145
1568,2017-02-09,22148
1569,2017-02-10,22151
1570,2017-02-11,22156
1571,2017-02-12,22159
1572,2017-02-13,22160
1573,2017-02-14,22166
1574,2017-02-15,22170
1575,2017-02-16,22169
1576,2017-02-17,22174
1577,2017-02-18,22173
1578,2017-02-19,22175
1579,2017-02-20,22173
1580,2017-02-21,22174
1581,2017-02-22,22174
1582,2017-02-23,22170
1583,2017-02-24,22171
1584,2017-02-25,22170
1585,2017-02-26,22171
1586,2017-02-27,22179
1587,2017-02-28,22182
1588,2017-03-01,22177
1589,2017-03-02,22177
1590,2017-03-03,22187
1591,2017-03-04,22190
1592,2017-03-05,22191
1593,2017-03-06,22206
1594,2017-03-07,22210
1595,2017-03-08,22210
1596,2017-03-09,22210
1597,2017-03-10,22213
1598,2017-03-11,22217
1599,2017-03-11,22216
1600,2017-03-12,22217
1601,2017-03-13,22218
1602,2017-03-14,22225
1603,2017-03-15,22229
1604,2017-03-16,22243
1605,2017-03-17,22247
1606,2017-03-18,22260
1607,2017-03-19,22262
1608,2017-03-20,22265
1609,2017-03-21,22261
1610,2017-03-22,22266
1611,2017-03-23,22276
1612,2017-03-24,22289
1613,2017-03-25,22303
1614,2017-03-26,22310
1615,2017-03-27,22317
1616,2017-03-28,22313
1617,2017-03-29,22365
1618,2017-03-30,22417
1619,2017-03-31,22440
1620,2017-04-01,22465
1621,2017-04-02,22519
1622,2017-04-03,22573
1623,2017-04-04,22661
1624,2017-04-05,22788
1625,2017-04-06,22882
1626,2017-04-07,22949
1627,2017-04-08,22989
1628,2017-04-09,23061
1629,2017-04-10,23112
1630,2017-04-11,23155
1631,2017-04-12,23244
1632,2017-04-13,23289
1633,2017-04-14,23332
1634,2017-04-15,23396
1635,2017-04-16,23437
1636,2017-04-17,23504
1637,2017-04-18,23558
1638,2017-04-19,23600
1639,2017-04-20,23616
1640,2017-04-21,23662
1641,2017-04-22,23729
1642,2017-04-23,23804
1643,2017-04-24,23864
1644,2017-04-25,23915
1645,2017-04-26,23982
1646,2017-04-27,24058
1647,2017-04-28,24095
1648,2017-04-29,24139
1649,2017-04-30,24186
1650,2017-05-01,24234
1651,2017-05-02,24272
1652,2017-05-03,24555
1653,2017-05-04,24899
1654,2017-05-05,25092
1655,2017-05-06,25275
1656,2017-05-07,25513
1657,2017-05-08,25684
1658,2017-05-09,25911
1659,2017-05-10,26291
1660,2017-05-11,26474
1661,2017-05-12,26580
1662,2017-05-13,26705
1663,2017-05-14,26796
1664,2017-05-15,26927
1665,2017-05-16,27079
1666,2017-05-17,27201
1667,2017-05-18,27294
1668,2017-05-19,27425
1669,2017-05-20,27543
1670,2017-05-21,27673
1671,2017-05-22,27892
1672,2017-05-23,28086
1673,2017-05-24,28313
1674,2017-05-25,28490
1675,2017-05-26,28650
1676,2017-05-27,28785
1677,2017-05-28,28893
1678,2017-05-29,29029
1679,2017-05-30,29191
1680,2017-05-31,29320
1681,2017-06-01,29479
1682,2017-06-02,29605
1683,2017-06-03,29712
1684,2017-06-04,29861
1685,2017-06-05,30090
1686,2017-06-06,30371
1687,2017-06-07,30582
1688,2017-06-08,30762
1689,2017-06-09,30926
1690,2017-06-10,31154
1691,2017-06-11,31515
1692,2017-06-12,31855
1693,2017-06-13,32156
1694,2017-06-14,32464
1695,2017-06-15,32702
1696,2017-06-16,33101
1697,2017-06-17,34000
1698,2017-06-18,34651
1699,2017-06-19,35190
1700,2017-06-20,35545
1701,2017-06-21,35819
1702,2017-06-22,36138
1703,2017-06-23,36391
1704,2017-06-24,36595
1705,2017-06-25,36821
1706,2017-06-26,37095
1707,2017-06-27,37322
1708,2017-06-28,37517
1709,2017-06-29,37692
1710,2017-06-30,37837
1711,2017-07-01,37958
1712,2017-07-02,38081
1713,2017-07-03,38443
1714,2017-07-04,39010
1715,2017-07-05,39415
1716,2017-07-06,39674
1717,2017-07-07,39910
1718,2017-07-08,40150
1719,2017-07-09,40381
1720,2017-07-10,40613
1721,2017-07-11,40807
1722,2017-07-12,40984
1723,2017-07-13,41177
1724,2017-07-14,41370
1725,2017-07-15,41563
1726,2017-07-16,41756
1727,2017-07-17,41949
1728,2017-07-18,42145
1729,2017-07-19,42271
1730,2017-07-20,42455
1731,2017-07-21,42618
1732,2017-07-22,42758
1733,2017-07-23,42904
1734,2017-07-24,43035
1735,2017-07-25,43188
1736,2017-07-26,43328
1737,2017-07-27,43449
1738,2017-07-28,43583
1739,2017-07-29,43712
1740,2017-07-30,43840
1741,2017-07-31,43989
1742,2017-08-01,44170
1743,2017-08-02,44424
1744,2017-08-03,44561
1745,2017-08-04,44667
1746,2017-08-05,44804
1747,2017-08-06,44951
1748,2017-08-07,45147
1749,2017-08-08,45431
1750,2017-08-09,45650
1751,2017-08-10,45804
1752,2017-08-11,45951
1753,2017-08-12,46108
1754,2017-08-13,46308
1755,2017-08-14,46504
1756,2017-08-15,46675
1757,2017-08-16,46861
1758,2017-08-17,47082
1759,2017-08-18,47319
1760,2017-08-19,47469
1761,2017-08-20,47650
1762,2017-08-21,47861
1763,2017-08-22,48082
1764,2017-08-23,48602
1765,2017-08-24,48977
1766,2017-08-25,49212
1767,2017-08-26,49423
1768,2017-08-27,50098
1769,2017-08-28,50571
1770,2017-08-29,50955
1771,2017-08-30,51350
1772,2017-08-31,52008
1773,2017-09-01,53257
1774,2017-09-02,53914
1775,2017-09-03,54341
1776,2017-09-04,54809
1777,2017-09-05,55171
1778,2017-09-06,55637
1779,2017-09-07,55973
1780,2017-09-08,56294
1781,2017-09-09,56517
1782,2017-09-10,56774
1783,2017-09-11,56987
1784,2017-09-12,57238
1785,2017-09-13,57523
1786,2017-09-14,57876
1787,2017-09-15,58195
1788,2017-09-16,58474
1789,2017-09-17,58665
1790,2017-09-18,58927
1791,2017-09-19,59153
1792,2017-09-20,59370
1793,2017-09-21,59590
1794,2017-09-22,59783
1795,2017-09-23,59912
1796,2017-09-24,60068
1797,2017-09-25,60219
1798,2017-09-26,60382
1799,2017-09-27,60559
1800,2017-09-28,60738
1801,2017-09-29,60872
1802,2017-09-30,60993
1803,2017-10-01,61115
1804,2017-10-02,61258
1805,2017-10-03,61412
1806,2017-10-04,61546
1807,2017-10-05,61663
1808,2017-10-06,61777
1809,2017-10-07,61892
1810,2017-10-08,62042
1811,2017-10-09,62192
1812,2017-10-10,62328
1813,2017-10-11,62464
1814,2017-10-12,62710
1815,2017-10-13,62956
1816,2017-10-14,63313
1817,2017-10-15,63612
1818,2017-10-16,63833
1819,2017-10-17,64087
1820,2017-10-18,64306
1821,2017-10-19,64473
1822,2017-10-20,64657
1823,2017-10-21,64841
1824,2017-10-22,65025
1825,2017-10-23,65255
1826,2017-10-24,65416
1827,2017-10-25,65574
1828,2017-10-26,65700
1829,2017-10-27,65824
1830,2017-10-28,65947
1831,2017-10-29,66098
1832,2017-10-30,66265
1833,2017-10-31,66457
1834,2017-11-01,66688
1835,2017-11-02,66974
1836,2017-11-03,67212
1837,2017-11-04,67454
1838,2017-11-05,67696
1839,2017-11-06,67939
1840,2017-11-07,68314
1841,2017-11-08,68689
1842,2017-11-09,69064
1843,2017-11-10,69439
1844,2017-11-11,69814
1845,2017-11-12,70190
1846,2017-11-13,70502
1847,2017-11-14,70816
1848,2017-11-15,71157
1849,2017-11-16,71675
1850,2017-11-17,72117
1851,2017-11-18,72458
1852,2017-11-19,72924
1853,2017-11-20,73421
1854,2017-11-21,73886
1855,2017-11-22,74202
1856,2017-11-23,74710
1857,2017-11-24,75149
1858,2017-11-25,76005
1859,2017-11-26,76923
1860,2017-11-27,78018
1861,2017-11-28,79629
1862,2017-11-29,82435
1863,2017-11-30,83747
1864,2017-12-01,84934
1865,2017-12-02,85833
1866,2017-12-03,86864
1867,2017-12-04,87812
1868,2017-12-05,88696
1869,2017-12-06,89760
1870,2017-12-07,91118
1871,2017-12-08,95984
1872,2017-12-09,99772
1873,2017-12-10,102090
1874,2017-12-11,110338
1875,2017-12-12,122009
1876,2017-12-13,127178
1877,2017-12-14,130437
1878,2017-12-15,132996
1879,2017-12-16,134868
1880,2017-12-17,136890
1881,2017-12-18,139483
1882,2017-12-19,142175
1883,2017-12-20,145729
1884,2017-12-21,148156
1885,2017-12-22,150863
1886,2017-12-23,152392
1887,2017-12-24,153383
1888,2017-12-25,154445
1889,2017-12-26,155597
1890,2017-12-27,156961
1891,2017-12-28,158389
1892,2017-12-29,159556
1893,2017-12-30,160871
1894,2017-12-31,161589
1895,2018-01-01,162350
1896,2018-01-02,163345
1897,2018-01-03,164453
1898,2018-01-04,165653
1899,2018-01-05,166845
1900,2018-01-06,168228
1901,2018-01-07,169367
1902,2018-01-08,170406
1903,2018-01-09,171331
1904,2018-01-10,172273
1905,2018-01-11,173080
1906,2018-01-12,173686
1907,2018-01-13,174395
1908,2018-01-14,174975
1909,2018-01-15,175639
1910,2018-01-16,176409
1911,2018-01-17,177172
1912,2018-01-18,177755
1913,2018-01-19,178258
1914,2018-01-20,178759
1915,2018-01-21,179193
1916,2018-01-22,179584
1917,2018-01-23,179996
1918,2018-01-24,180408
1919,2018-01-25,180812
1920,2018-01-26,181097
1921,2018-01-27,181499
1922,2018-01-28,182110
1923,2018-01-29,182489
1924,2018-01-30,182919
1925,2018-01-31,183339
1926,2018-02-01,183723
1927,2018-02-02,184003
1928,2018-02-03,184392
1929,2018-02-04,184847
1930,2018-02-05,185144
1931,2018-02-06,185541
1932,2018-02-07,185794
1933,2018-02-08,186715
1934,2018-02-09,187029
1935,2018-02-10,187272
1936,2018-02-11,187512
1937,2018-02-12,187757
1938,2018-02-13,188229
1939,2018-02-14,189280
1940,2018-02-15,189840
1941,2018-02-16,190228
1942,2018-02-17,190555
1943,2018-02-18,190950
1944,2018-02-19,191324
1945,2018-02-20,191773
1946,2018-02-21,192070
1947,2018-02-22,192316
1948,2018-02-23,192558
1949,2018-02-24,192800
1950,2018-02-25,193042
1951,2018-02-26,193284
1952,2018-02-27,193526
1953,2018-02-28,193768
1954,2018-03-01,194010
1955,2018-03-02,194252
1956,2018-03-03,194497
1957,2018-03-04,194738
1958,2018-03-05,194753
1959,2018-03-06,194768
1960,2018-03-07,194783
1961,2018-03-08,194798
1962,2018-03-09,194813
1963,2018-03-10,194828
1964,2018-03-11,194843
1965,2018-03-12,194858
1966,2018-03-13,194873
1967,2018-03-14,194888
1968,2018-03-15,194903
1969,2018-03-16,194918
1970,2018-03-17,194933
1971,2018-03-18,194948
1972,2018-03-19,194963
1973,2018-03-20,194978
1974,2018-03-21,194993
1975,2018-03-22,195008
1976,2018-03-23,195023
1977,2018-03-24,195038
1978,2018-03-25,195053
1979,2018-03-26,195068
1980,2018-03-27,195083
1981,2018-03-28,195098
1982,2018-03-29,195113
1983,2018-03-30,195128
1984,2018-03-31,195143
1985,2018-04-01,195158
1986,2018-04-02,195173
1987,2018-04-03,195188
1988,2018-04-04,195203
1989,2018-04-05,195218
1990,2018-04-06,195233
1991,2018-04-07,195248
1992,2018-04-08,195263
1993,2018-04-09,195278
1994,2018-04-10,195293
1995,2018-04-11,195308
1996,2018-04-12,195323
1997,2018-04-13,195338
1998,2018-04-14,195353
1999,2018-04-15,195368
2000,2018-04-16,195383
2001,2018-04-17,195398
2002,2018-04-18,195413
2003,2018-04-19,195428
2004,2018-04-20,195443
2005,2018-04-21,195458
2006,2018-04-22,195473
2007,2018-04-23,195488
2008,2018-04-24,195503
2009,2018-04-25,195518
2010,2018-04-26,195533
2011,2018-04-27,195548
2012,2018-04-28,195563
2013,2018-04-29,195578
2014,2018-04-30,195593
2015,2018-05-01,195608
2016,2018-05-02,195623
2017,2018-05-03,195638
2018,2018-05-04,195653
2019,2018-05-05,195668
2020,2018-05-06,195683
2021,2018-05-07,195698
2022,2018-05-08,195713
2023,2018-05-09,195728
2024,2018-05-10,195743
2025,2018-05-11,195758
2026,2018-05-12,195773
2027,2018-05-13,195788
2028,2018-05-14,195803
2029,2018-05-15,195818
2030,2018-05-16,195833
2031,2018-05-17,195848
2032,2018-05-18,195863
2033,2018-05-19,195878
2034,2018-05-20,195893
2035,2018-05-21,195908
2036,2018-05-22,195923
2037,2018-05-23,195938
2038,2018-05-24,195953
2039,2018-05-25,195968
2040,2018-05-26,195983
2041,2018-05-27,195998
2042,2018-05-28,196013
2043,2018-05-29,196028
2044,2018-05-30,196043
2045,2018-05-31,196058
2046,2018-06-01,196073
2047,2018-06-02,196088
2048,2018-06-03,196103
2049,2018-06-04,196118
2050,2018-06-05,196133
2051,2018-06-06,196148
2052,2018-06-07,196163
2053,2018-06-08,196178
2054,2018-06-09,196193
2055,2018-06-10,196208
2056,2018-06-11,196223
2057,2018-06-12,196238
2058,2018-06-13,196253
2059,2018-06-14,196268
2060,2018-06-15,196283
2061,2018-06-16,196298
2062,2018-06-17,196313
2063,2018-06-18,196328
2064,2018-06-19,196343
2065,2018-06-20,196358
2066,2018-06-21,196373
2067,2018-06-22,196388
2068,2018-06-23,196403
2069,2018-06-24,196418
2070,2018-06-25,196433
2071,2018-06-26,196448
2072,2018-06-27,196463
2073,2018-06-28,196478
2074,2018-06-29,196493
2075,2018-06-30,196508
2076,2018-07-01,196523
2077,2018-07-02,196538
2078,2018-07-03,196553
2079,2018-07-04,196568
2080,2018-07-05,196583
2081,2018-07-06,196598
2082,2018-07-07,196613
2083,2018-07-08,196628
2084,2018-07-09,196643
2085,2018-07-10,196658
2086,2018-07-11,196673
2087,2018-07-12,196688
2088,2018-07-13,196703
2089,2018-07-14,196718
2090,2018-07-15,196733
2091,2018-07-16,196748
2092,2018-07-17,196763
2093,2018-07-18,196778
2094,2018-07-19,196793
2095,2018-07-20,196808
2096,2018-07-21,196823
2097,2018-07-22,196838
2098,2018-07-23,196853
2099,2018-07-24,196868
2100,2018-07-25,196883
2101,2018-07-26,196898
2102,2018-07-27,196913
2103,2018-07-28,196928
2104,2018-07-29,196943
2105,2018-07-30,196958
2106,2018-07-31,196973
2107,2018-08-01,196988
2108,2018-08-02,197003
2109,2018-08-03,197018
2110,2018-08-04,197033
2111,2018-08-05,197048
2112,2018-08-06,197063
2113,2018-08-07,197078
2114,2018-08-08,197093
2115,2018-08-09,197108
2116,2018-08-10,197123
2117,2018-08-11,197138
2118,2018-08-12,197153
2119,2018-08-13,197168
2120,2018-08-14,197183
2121,2018-08-15,197198
2122,2018-08-16,197213
2123,2018-08-17,197228
2124,2018-08-18,197243
2125,2018-08-19,197258
2126,2018-08-20,197273
2127,2018-08-21,197288
2128,2018-08-22,197303
2129,2018-08-23,197318
2130,2018-08-24,197333
2131,2018-08-25,197348
2132,2018-08-26,197363
2133,2018-08-27,197378
2134,2018-08-28,197393
2135,2018-08-29,197408
2136,2018-08-30,197423
2137,2018-08-31,197438
2138,2018-09-01,197453
2139,2018-09-02,197468
2140,2018-09-03,197483
2141,2018-09-04,197498
2142,2018-09-05,197513
2143,2018-09-06,197528
2144,2018-09-07,197543
2145,2018-09-08,197558
2146,2018-09-09,197573
2147,2018-09-10,197588
2148,2018-09-11,197603
2149,2018-09-12,197618
2150,2018-09-13,197633
2151,2018-09-14,197648
2152,2018-09-15,197663
2153,2018-09-16,197678
2154,2018-09-17,197693
2155,2018-09-18,197708
2156,2018-09-19,197723
2157,2018-09-20,197738
2158,2018-09-21,197753
2159,2018-09-22,197768
2160,2018-09-23,197783
2161,2018-09-24,197798
2162,2018-09-25,197813
2163,2018-09-26,197828
2164,2018-09-27,197843
2165,2018-09-28,197858
2166,2018-09-29,197873
2167,2018-09-30,197888
2168,2018-10-01,197903
2169,2018-10-02,197918
2170,2018-10-03,197933
2171,2018-10-04,197948
2172,2018-10-05,197963
2173,2018-10-06,197978
2174,2018-10-07,197993
2175,2018-10-08,198008
2176,2018-10-09,198023
2177,2018-10-10,198038
2178,2018-10-11,198053
2179,2018-10-12,198068
2180,2018-10-13,198083
2181,2018-10-14,198098
2182,2018-10-15,198113
2183,2018-10-16,198128
2184,2018-10-17,198143
2185,2018-10-18,198158
2186,2018-10-19,198173
2187,2018-10-20,198188
2188,2018-10-21,198203
2189,2018-10-22,198218
2190,2018-10-23,198233
2191,2018-10-24,198248
2192,2018-10-25,198263
2193,2018-10-26,198278
2194,2018-10-27,198293
2195,2018-10-28,198308
2196,2018-10-29,198323
2197,2018-10-30,198338
2198,2018-10-31,198353
2199,2018-11-01,198368
2200,2018-11-02,198383
2201,2018-11-03,198398
2202,2018-11-04,198413
2203,2018-11-05,198428
2204,2018-11-06,198443
2205,2018-11-07,198458
2206,2018-11-08,198473
2207,2018-11-09,198488
2208,2018-11-10,198503
2209,2018-11-11,198518
2210,2018-11-12,198533
2211,2018-11-13,198548
2212,2018-11-14,198563
2213,2018-11-15,198578
2214,2018-11-16,198593
2215,2018-11-17,198608
2216,2018-11-18,198623
2217,2018-11-19,198638
2218,2018-11-20,198653
2219,2018-11-21,198668
2220,2018-11-22,198683
2221,2018-11-23,198698
2222,2018-11-24,198713
2223,2018-11-25,198728
2224,2018-11-26,198743
2225,2018-11-27,198758
2226,2018-11-28,198773
2227,2018-11-29,198788
2228,2018-11-30,198803
2229,2018-12-01,198818
2230,2018-12-02,198833
2231,2018-12-03,198848
2232,2018-12-04,198863
2233,2018-12-05,198878
2234,2018-12-06,198893
2235,2018-12-07,198908
2236,2018-12-08,198923
2237,2018-12-09,198938
2238,2018-12-10,198953
2239,2018-12-11,198968
2240,2018-12-12,198983
2241,2018-12-13,198998
2242,2018-12-14,199013
2243,2018-12-15,199028
2244,2018-12-16,199043
2245,2018-12-17,199058
2246,2018-12-18,199073
2247,2018-12-19,199088
2248,2018-12-20,199103
2249,2018-12-21,199118
2250,2018-12-22,199133
2251,2018-12-23,199148
2252,2018-12-24,199163
2253,2018-12-25,199178
2254,2018-12-26,199193
2255,2018-12-27,199208
2256,2018-12-28,199223
2257,2018-12-29,199238
2258,2018-12-30,199253
2259,2018-12-31,199268
2260,2019-01-01,199283
2261,2019-01-02,199298
2262,2019-01-03,199313
2263,2019-01-04,199328
2264,2019-01-05,199343
2265,2019-01-06,199358
2266,2019-01-07,199373
2267,2019-01-08,199388
2268,2019-01-09,199403
2269,2019-01-10,199418
2270,2019-01-11,199433
2271,2019-01-12,199448
2272,2019-01-13,199463
2273,2019-01-14,199781
2274,2019-01-15,199783
2275,2019-01-16,199785
2276,2019-01-17,199788
2277,2019-01-18,199815
2278,2019-01-19,199842
2279,2019-01-20,199869
2280,2019-01-21,199896
2281,2019-01-22,199923
2282,2019-01-23,199950
2283,2019-01-24,199977
2284,2019-01-25,200004
2285,2019-01-26,200031
2286,2019-01-27,200058
2287,2019-01-28,200085
2288,2019-01-29,200112
2289,2019-01-30,200139
2290,2019-01-31,200166
2291,2019-02-01,200193
2292,2019-02-02,200220
2293,2019-02-03,200247
2294,2019-02-04,200274
2295,2019-02-05,200301
2296,2019-02-06,200328
2297,2019-02-07,200355
2298,2019-02-08,200382
2299,2019-02-09,200409
2300,2019-02-10,200436
2301,2019-02-11,200463
2302,2019-02-12,200490
2303,2019-02-13,200517
2304,2019-02-14,200544
2305,2019-02-15,200571
2306,2019-02-16,200598
2307,2019-02-17,200625
2308,2019-02-18,200652
2309,2019-02-19,200679
2310,2019-02-20,200706
2311,2019-02-21,200733
2312,2019-02-22,200760
2313,2019-02-23,200787
2314,2019-02-24,200814
2315,2019-02-25,200841
2316,2019-02-26,200868
2317,2019-02-27,200895
2318,2019-02-28,200922
2319,2019-03-01,200949
2320,2019-03-02,200976
2321,2019-03-03,201003
2322,2019-03-04,201030
2323,2019-03-05,201057
2324,2019-03-06,201084
2325,2019-03-07,201111
2326,2019-03-08,201138
2327,2019-03-09,201165
2328,2019-03-10,201192
2329,2019-03-11,201219
2330,2019-03-12,201246
2331,2019-03-13,201273
2332,2019-03-14,201300
2333,2019-03-15,201327
2334,2019-03-16,201354
2335,2019-03-17,201381
2336,2019-03-18,201408
2337,2019-03-19,201435
2338,2019-03-20,201462
2339,2019-03-21,201489
2340,2019-03-22,201516
2341,2019-03-23,201543
2342,2019-03-24,201570
2343,2019-03-25,201597
2344,2019-03-26,201624
2345,2019-03-27,201651
2346,2019-03-28,201678
2347,2019-03-29,201705
2348,2019-03-30,201732
2349,2019-03-31,201759
2350,2019-04-01,201786
2351,2019-04-02,201813
2352,2019-04-03,201840
2353,2019-04-04,201867
2354,2019-04-05,201894
2355,2019-04-06,201921
2356,2019-04-07,201948
2357,2019-04-08,201975
2358,2019-04-09,202002
2359,2019-04-10,202029
2360,2019-04-11,202056
2361,2019-04-12,202083
2362,2019-04-13,202110
2363,2019-04-14,202137
2364,2019-04-15,202164
2365,2019-04-16,202191
2366,2019-04-17,202218
2367,2019-04-18,202245
2368,2019-04-19,202272
2369,2019-04-20,202299
2370,2019-04-21,202326
2371,2019-04-22,202353
2372,2019-04-23,202380
2373,2019-04-24,202407
2374,2019-04-25,202434
2375,2019-04-26,202461
2376,2019-04-27,202488
2377,2019-04-28,202515
2378,2019-04-29,202542
2379,2019-04-30,202569
2380,2019-05-01,202596
2381,2019-05-02,202623
2382,2019-05-03,202650
2383,2019-05-04,202677
2384,2019-05-05,202704
2385,2019-05-06,202731
2386,2019-05-07,202758
2387,2019-05-08,202785
2388,2019-05-09,202812
2389,2019-05-10,202839
2390,2019-05-11,202866
2391,2019-05-12,202893
2392,2019-05-13,202920
2393,2019-05-14,202947
2394,2019-05-15,202974
2395,2019-05-16,203001
2396,2019-05-17,203028
2397,2019-05-18,203055
2398,2019-05-19,203082
2399,2019-05-20,203109
2400,2019-05-21,203136
2401,2019-05-22,203163
2402,2019-05-23,203190
2403,2019-05-24,203217
2404,2019-05-25,203244
2405,2019-05-26,203271
2406,2019-05-27,203298
2407,2019-05-28,203325
2408,2019-05-29,203352
2409,2019-05-30,203379
2410,2019-05-31,203406
2411,2019-06-01,203433
2412,2019-06-02,203460
2413,2019-06-03,203487
2414,2019-06-04,203514
2415,2019-06-05,203541
2416,2019-06-06,203568
2417,2019-06-07,203595
2418,2019-06-08,203622
2419,2019-06-09,203649
2420,2019-06-10,203676
2421,2019-06-11,203703
2422,2019-06-12,203833
2423,2019-06-13,203909
2424,2019-06-14,203985
2425,2019-06-15,204061
2426,2019-06-16,204137
2427,2019-06-17,204213
2428,2019-06-18,204289
2429,2019-06-19,204365
2430,2019-06-20,204441
2431,2019-06-21,204517
2432,2019-06-22,204593
2433,2019-06-23,204669
2434,2019-06-24,204745
2435,2019-06-25,204821
2436,2019-06-26,204897
2437,2019-06-27,204973
2438,2019-06-28,205049
2439,2019-06-29,205125
2440,2019-06-30,205201
2441,2019-07-01,205277
2442,2019-07-02,205353
2443,2019-07-03,205429
2444,2019-07-04,205505
2445,2019-07-05,205581
2446,2019-07-06,205657
2447,2019-07-07,205733
2448,2019-07-08,205809
2449,2019-07-09,205885
2450,2019-07-10,205961
2451,2019-07-11,206043
2452,2019-07-12,206082
2453,2019-07-13,206113
2454,2019-07-14,206171
2455,2019-07-15,206234
2456,2019-07-16,206302
2457,2019-07-17,206399
2458,2019-07-18,206463
2459,2019-07-19,206500
2460,2019-07-20,206537
2461,2019-07-21,206598
2462,2019-07-22,206658
2463,2019-07-23,206686
2464,2019-07-24,206740
2465,2019-07-25,206776
2466,2019-07-26,206813
2467,2019-07-27,206855
2468,2019-07-28,206887
2469,2019-07-29,206934
2470,2019-07-30,206974
2471,2019-07-31,207025
2472,2019-08-01,207074
2473,2019-08-02,207134
2474,2019-08-03,207181
2475,2019-08-04,207255
2476,2019-08-05,207312
2477,2019-08-06,207348
2478,2019-08-07,207355
2479,2019-08-08,207379
2480,2019-08-09,207416
2481,2019-08-10,207445
2482,2019-08-11,207479
2483,2019-08-12,207506
2484,2019-08-13,207525
2485,2019-08-14,207572
2486,2019-08-15,207603
2487,2019-08-16,207630
2488,2019-08-17,207647
2489,2019-08-18,207690
2490,2019-08-19,207722
2491,2019-08-20,207748
2492,2019-08-21,207774
2493,2019-08-22,207798
2494,2019-08-23,207834
2495,2019-08-24,207862
2496,2019-08-25,207883
2497,2019-08-26,207905
2498,2019-08-27,207923
2499,2019-08-28,207962
2500,2019-08-29,207980
2501,2019-08-30,208004
2502,2019-08-31,208029
2503,2019-09-01,208046
2504,2019-09-02,208085
2505,2019-09-03,208115
2506,2019-09-04,208140
2507,2019-09-05,208179
2508,2019-09-06,208215
2509,2019-09-07,208234
2510,2019-09-08,208260
2511,2019-09-09,208297
2512,2019-09-10,208315
2513,2019-09-11,208343
2514,2019-09-12,208348
2515,2019-09-13,208357
2516,2019-09-14,208378
2517,2019-09-15,208385
2518,2019-09-16,208443
2519,2019-09-17,208475
2520,2019-09-18,208500
2521,2019-09-19,208540
2522,2019-09-20,208567
2523,2019-09-21,208575
2524,2019-09-22,208592
2525,2019-09-23,208622
2526,2019-09-24,208650
2527,2019-09-25,208688
2528,2019-09-26,208728
2529,2019-09-27,208745
2530,2019-09-28,208768
2531,2019-09-29,208796
2532,2019-09-30,208830
2533,2019-10-01,208850
2534,2019-10-02,208859
2535,2019-10-03,208871
2536,2019-10-04,208880
2537,2019-10-05,208878
2538,2019-10-06,208874
2539,2019-10-07,208881
2540,2019-10-08,208894
2541,2019-10-09,208916
2542,2019-10-10,208919
2543,2019-10-11,208941
2544,2019-10-12,208958
2545,2019-10-13,208984
2546,2019-10-14,209002
2547,2019-10-15,209020
2548,2019-10-16,209042
2549,2019-10-17,209057
2550,2019-10-18,209068
2551,2019-10-19,209084
2552,2019-10-20,209122
2553,2019-10-21,209139
2554,2019-10-22,209157
2555,2019-10-23,209169
2556,2019-10-24,209211
2557,2019-10-25,209328
2558,2019-10-26,209359
2559,2019-10-27,209377
2560,2019-10-28,209396
2561,2019-10-29,209411
2562,2019-10-30,209412
2563,2019-10-31,209415
2564,2019-11-01,209436
2565,2019-11-02,209446
2566,2019-11-03,209449
2567,2019-11-04,209476
2568,2019-11-05,209484
2569,2019-11-06,209485
2570,2019-11-07,209500
2571,2019-11-08,209530
2572,2019-11-09,209550
2573,2019-11-10,209562
2574,2019-11-11,209574
2575,2019-11-12,209590
2576,2019-11-13,209596
2577,2019-11-14,209596
2578,2019-11-15,209616
2579,2019-11-16,209626
2580,2019-11-17,209651
2581,2019-11-18,209675
2582,2019-11-19,209683
2583,2019-11-20,209695
2584,2019-11-21,209702
2585,2019-11-22,209709
2586,2019-11-23,209718
2587,2019-11-24,209733
2588,2019-11-25,209841
2589,2019-11-26,209859
2590,2019-11-27,209856
2591,2019-11-28,209848
2592,2019-11-29,209820
2593,2019-11-30,209739
2594,2019-12-01,209737
2595,2019-12-02,209751
2596,2019-12-03,209770
2597,2019-12-04,209783
2598,2019-12-05,209798
2599,2019-12-06,209806
2600,2019-12-07,209819
2601,2019-12-08,209831
2602,2019-12-09,209838
2603,2019-12-10,209842
2604,2019-12-11,209862
2605,2019-12-12,209872
2606,2019-12-13,209872
2607,2019-12-14,209881
2608,2019-12-15,209886
2609,2019-12-16,209886
2610,2019-12-17,209913
2611,2019-12-18,209918
2612,2019-12-19,209911
2613,2019-12-20,209918
2614,2019-12-21,209939
2615,2019-12-22,209935
2616,2019-12-23,209944
2617,2019-12-24,209937
2618,2019-12-25,209960
2619,2019-12-26,209956
2620,2019-12-27,209980
2621,2019-12-28,210009
2622,2019-12-29,210048
2623,2019-12-30,210078
2624,2019-12-31,210090
2625,2020-01-01,210116
2626,2020-01-02,210141
2627,2020-01-03,210165
2628,2020-01-04,210156
2629,2020-01-05,210187
2630,2020-01-06,210185
2631,2020-01-07,210192
2632,2020-01-08,210217
2633,2020-01-09,210224
2634,2020-01-10,210248
2635,2020-01-11,210265
2636,2020-01-12,210303
2637,2020-01-13,210328
2638,2020-01-14,210354
2639,2020-01-15,210388
2640,2020-01-16,210425
2641,2020-01-17,210449
2642,2020-01-18,210469
2643,2020-01-19,210504
2644,2020-01-20,210520
2645,2020-01-21,210542
2646,2020-01-22,210549
2647,2020-01-23,210564
2648,2020-01-24,210579
2649,2020-01-25,210592
2650,2020-01-26,210611
2651,2020-01-27,210650
2652,2020-01-28,210682
2653,2020-01-29,210731
2654,2020-01-30,210793
2655,2020-01-31,210830
2656,2020-02-01,210886
2657,2020-02-02,210932
2658,2020-02-03,210963
2659,2020-02-04,210997
2660,2020-02-05,211044
2661,2020-02-06,211070
2662,2020-02-07,211105
2663,2020-02-08,211139
2664,2020-02-09,211183
2665,2020-02-10,211238
2666,2020-02-11,211291
2667,2020-02-12,211340
2668,2020-02-13,211396
2669,2020-02-14,211443
2670,2020-02-15,211502
2671,2020-02-16,211548
2672,2020-02-17,211583
2673,2020-02-18,211622
2674,2020-02-19,211685
2675,2020-02-20,211722
2676,2020-02-21,211779
2677,2020-02-22,211835
2678,2020-02-23,211891
2679,2020-02-24,211920
2680,2020-02-25,211936
2681,2020-02-26,211955
2682,2020-02-27,211965
2683,2020-02-28,211990
2684,2020-02-29,212003
2685,2020-03-01,212008
2686,2020-03-02,212018
2687,2020-03-03,212038
2688,2020-03-04,212066
2689,2020-03-05,212089
2690,2020-03-06,212102
2691,2020-03-07,212111
2692,2020-03-07,212124
2693,2020-03-08,212134
2694,2020-03-09,212144
2695,2020-03-10,212146
2696,2020-03-11,212183
2697,2020-03-12,212209
2698,2020-03-13,212242
2699,2020-03-14,212264
2700,2020-03-15,212304
2701,2020-03-16,212328
2702,2020-03-17,212361
2703,2020-03-18,212388
2704,2020-03-19,212408
2705,2020-03-20,212423
2706,2020-03-21,212418
2707,2020-03-22,212436
2708,2020-03-23,212484
2709,2020-03-24,212691
2710,2020-03-25,212791
2711,2020-03-26,212820
2712,2020-03-27,212821
2713,2020-03-28,212827
2714,2020-03-29,212843
2715,2020-03-30,212848
2716,2020-03-31,212856
2717,2020-04-01,212864
2718,2020-04-02,212888
2719,2020-04-03,212895
2720,2020-04-04,212897
2721,2020-04-05,212904
2722,2020-04-06,212931
2723,2020-04-07,212934
2724,2020-04-08,212931
2725,2020-04-09,212956
2726,2020-04-10,212966
2727,2020-04-11,212966
